candidate,fold,month,revenue_mae,cogs_mae,official_mae
seasonal_xgb_core_business,recovery_2021,2021-01,276091.351453074,246360.43821690528,261225.89483498965
seasonal_xgb_core_business,recovery_2021,2021-02,574852.4964959743,466415.4077966795,520633.9521463269
seasonal_xgb_core_business,recovery_2021,2021-03,649299.2744871826,555034.902390853,602167.0884390178
seasonal_xgb_core_business,recovery_2021,2021-04,806613.234402182,681106.2897961895,743859.7620991857
seasonal_xgb_core_business,recovery_2021,2021-05,918887.6170756253,743744.2475448942,831315.9323102598
seasonal_xgb_core_business,recovery_2021,2021-06,623326.3568479535,590500.7655930009,606913.5612204772
seasonal_xgb_core_business,recovery_2021,2021-07,681638.4376175094,671381.9611890137,676510.1994032615
seasonal_xgb_core_business,recovery_2021,2021-08,1753763.8204746456,586378.2585101959,1170071.0394924209
seasonal_xgb_core_business,recovery_2021,2021-09,619126.31766247,411548.919751003,515337.6187067365
seasonal_xgb_core_business,recovery_2021,2021-10,516109.27690647735,435066.54364278325,475587.9102746303
seasonal_xgb_core_business,recovery_2021,2021-11,437130.5160619915,378928.4277121436,408029.47188706754
seasonal_xgb_core_business,recovery_2021,2021-12,397220.41577371076,460067.69381049124,428644.05479210103
seasonal_xgb_core_business,recovery_2022,2022-01,620334.3938579098,558230.138426525,589282.2661422174
seasonal_xgb_core_business,recovery_2022,2022-02,842653.1634186863,692110.9183149474,767382.0408668169
seasonal_xgb_core_business,recovery_2022,2022-03,1105259.527052484,1169134.0139208327,1137196.7704866584
seasonal_xgb_core_business,recovery_2022,2022-04,750384.4110995003,797611.6986687294,773998.0548841148
seasonal_xgb_core_business,recovery_2022,2022-05,1027911.628250291,841662.4509325806,934787.0395914358
seasonal_xgb_core_business,recovery_2022,2022-06,757633.6906929051,716138.1367944529,736885.913743679
seasonal_xgb_core_business,recovery_2022,2022-07,583689.4217287467,672406.9523183736,628048.1870235602
seasonal_xgb_core_business,recovery_2022,2022-08,1251326.7462125574,1032901.5437580834,1142114.1449853205
seasonal_xgb_core_business,recovery_2022,2022-09,819412.6197802196,810092.8606561249,814752.7402181723
seasonal_xgb_core_business,recovery_2022,2022-10,471139.69930859574,380895.97756477795,426017.83843668684
seasonal_xgb_core_business,recovery_2022,2022-11,553256.776809085,518024.41016394435,535640.5934865146
seasonal_xgb_core_business,recovery_2022,2022-12,425419.31018747337,427952.7802104598,426686.0451989666
seasonal_xgb_core_business,recovery_2022_h2,2022-07,639505.5227997641,644574.1396523606,642039.8312260623
seasonal_xgb_core_business,recovery_2022_h2,2022-08,1063656.4668973794,889454.0906703818,976555.2787838806
seasonal_xgb_core_business,recovery_2022_h2,2022-09,780087.7191522762,726936.4339298479,753512.076541062
seasonal_xgb_core_business,recovery_2022_h2,2022-10,447356.8901969321,376357.88728479354,411857.38874086284
seasonal_xgb_core_business,recovery_2022_h2,2022-11,576785.1184802513,507587.4233465563,542186.2709134038
seasonal_xgb_core_business,recovery_2022_h2,2022-12,515295.0929773999,399810.4355873848,457552.76428239234
seasonal_xgb_core_business_uplift_135,recovery_2021,2021-01,272791.57622706104,250167.15857337546,261479.36740021827
seasonal_xgb_core_business_uplift_135,recovery_2021,2021-02,575491.0209351201,466522.03526564356,521006.52810038184
seasonal_xgb_core_business_uplift_135,recovery_2021,2021-03,633338.501585709,540528.7995793067,586933.650582508
seasonal_xgb_core_business_uplift_135,recovery_2021,2021-04,835331.5094432348,708460.8480667045,771896.1787549696
seasonal_xgb_core_business_uplift_135,recovery_2021,2021-05,910248.9170640999,733753.4162806786,822001.1666723893
seasonal_xgb_core_business_uplift_135,recovery_2021,2021-06,606193.7189058523,577230.3188462089,591712.0188760306
seasonal_xgb_core_business_uplift_135,recovery_2021,2021-07,674472.2041926304,655031.4433852255,664751.8237889279
seasonal_xgb_core_business_uplift_135,recovery_2021,2021-08,1820762.1330187484,602058.1632339411,1211410.1481263447
seasonal_xgb_core_business_uplift_135,recovery_2021,2021-09,624545.4040410508,413557.3612432966,519051.3826421737
seasonal_xgb_core_business_uplift_135,recovery_2021,2021-10,538378.5524687883,453092.27028682607,495735.4113778072
seasonal_xgb_core_business_uplift_135,recovery_2021,2021-11,452413.590153535,371005.9356197941,411709.7628866646
seasonal_xgb_core_business_uplift_135,recovery_2021,2021-12,431440.752721128,447436.67550346156,439438.7141122948
seasonal_xgb_core_business_uplift_135,recovery_2022,2022-01,645594.6519854299,579038.180356748,612316.416171089
seasonal_xgb_core_business_uplift_135,recovery_2022,2022-02,836920.9493445762,689951.9013444588,763436.4253445175
seasonal_xgb_core_business_uplift_135,recovery_2022,2022-03,1078595.4937288638,1148453.4446415703,1113524.469185217
seasonal_xgb_core_business_uplift_135,recovery_2022,2022-04,755973.2537149357,805234.5676923253,780603.9107036305
seasonal_xgb_core_business_uplift_135,recovery_2022,2022-05,1026374.8158073545,840237.459126851,933306.1374671028
seasonal_xgb_core_business_uplift_135,recovery_2022,2022-06,749489.7921642592,708411.8898188724,728950.8409915658
seasonal_xgb_core_business_uplift_135,recovery_2022,2022-07,589148.4338163544,670369.8631455711,629759.1484809627
seasonal_xgb_core_business_uplift_135,recovery_2022,2022-08,1215955.8408351634,1005497.7816448887,1110726.811240026
seasonal_xgb_core_business_uplift_135,recovery_2022,2022-09,831945.9976124003,827267.5109697008,829606.7542910506
seasonal_xgb_core_business_uplift_135,recovery_2022,2022-10,462440.00426701305,372620.63582629303,417530.32004665304
seasonal_xgb_core_business_uplift_135,recovery_2022,2022-11,572070.8952627105,528813.4498798766,550442.1725712935
seasonal_xgb_core_business_uplift_135,recovery_2022,2022-12,442412.96864182694,420024.6831222494,431218.82588203816
seasonal_xgb_core_business_uplift_135,recovery_2022_h2,2022-07,678892.2262200176,636344.3019996608,657618.2641098392
seasonal_xgb_core_business_uplift_135,recovery_2022_h2,2022-08,998892.3740915844,839155.3394655364,919023.8567785604
seasonal_xgb_core_business_uplift_135,recovery_2022_h2,2022-09,778937.1556297265,717608.2228776048,748272.6892536656
seasonal_xgb_core_business_uplift_135,recovery_2022_h2,2022-10,443125.1013565213,372852.7705716775,407988.93596409936
seasonal_xgb_core_business_uplift_135,recovery_2022_h2,2022-11,616535.3336177239,534937.8000419372,575736.5668298305
seasonal_xgb_core_business_uplift_135,recovery_2022_h2,2022-12,582246.7179989102,427060.4100317485,504653.56401532935
seasonal_xgb_full,recovery_2021,2021-01,328045.2641624041,258163.49118293004,293104.3776726671
seasonal_xgb_full,recovery_2021,2021-02,609034.3847771051,483129.67755637236,546082.0311667387
seasonal_xgb_full,recovery_2021,2021-03,719379.2970196754,629563.7722572688,674471.5346384721
seasonal_xgb_full,recovery_2021,2021-04,756867.3076373945,645675.675963628,701271.4918005113
seasonal_xgb_full,recovery_2021,2021-05,969471.1470196923,783839.879644242,876655.5133319672
seasonal_xgb_full,recovery_2021,2021-06,738323.9225085467,670303.0741507219,704313.4983296343
seasonal_xgb_full,recovery_2021,2021-07,708628.8929180612,754767.4865052822,731698.1897116718
seasonal_xgb_full,recovery_2021,2021-08,1536445.2734736374,573639.9547140858,1055042.6140938615
seasonal_xgb_full,recovery_2021,2021-09,562404.7494397291,406995.2704686424,484700.0099541858
seasonal_xgb_full,recovery_2021,2021-10,435436.5030594511,374677.5784650104,405057.04076223075
seasonal_xgb_full,recovery_2021,2021-11,431385.5989191046,412487.8331729774,421936.716046041
seasonal_xgb_full,recovery_2021,2021-12,419075.39719492017,563857.4250094894,491466.4111022048
seasonal_xgb_full,recovery_2022,2022-01,625043.7968120428,554559.6630344978,589801.7299232703
seasonal_xgb_full,recovery_2022,2022-02,910493.1597551603,733011.8228133979,821752.4912842792
seasonal_xgb_full,recovery_2022,2022-03,1227512.7311697975,1252528.4666399744,1240020.5989048858
seasonal_xgb_full,recovery_2022,2022-04,786866.6309781016,816457.0037095199,801661.8173438108
seasonal_xgb_full,recovery_2022,2022-05,1037699.062222065,849694.1529214495,943696.6075717573
seasonal_xgb_full,recovery_2022,2022-06,771076.75345104,734998.2148248426,753037.4841379414
seasonal_xgb_full,recovery_2022,2022-07,594055.5256684901,697288.1937962427,645671.8597323664
seasonal_xgb_full,recovery_2022,2022-08,1385120.608770417,1130971.2699071746,1258045.9393387958
seasonal_xgb_full,recovery_2022,2022-09,831572.1184829489,811581.8784847979,821576.9984838734
seasonal_xgb_full,recovery_2022,2022-10,545128.8675582665,436636.8056921926,490882.83662522957
seasonal_xgb_full,recovery_2022,2022-11,552596.7153784131,533172.5283426435,542884.6218605284
seasonal_xgb_full,recovery_2022,2022-12,419783.4388834874,475463.9626146907,447623.70074908907
seasonal_xgb_full,recovery_2022_h2,2022-07,619224.9711940542,637614.4312541813,628419.7012241178
seasonal_xgb_full,recovery_2022_h2,2022-08,1270355.4223317106,1036579.0871127966,1153467.2547222537
seasonal_xgb_full,recovery_2022_h2,2022-09,793455.6548100117,746882.0618567544,770168.858333383
seasonal_xgb_full,recovery_2022_h2,2022-10,474459.022882118,386805.71003293,430632.366457524
seasonal_xgb_full,recovery_2022_h2,2022-11,527016.8896920896,503132.65749879536,515074.77359544253
seasonal_xgb_full,recovery_2022_h2,2022-12,432254.7189819543,433645.14312995493,432949.93105595466
seasonal_xgb_market_uplift_135,recovery_2021,2021-01,326962.16005454125,257309.56619687186,292135.86312570656
seasonal_xgb_market_uplift_135,recovery_2021,2021-02,614301.6148064019,488002.4281890815,551152.0214977417
seasonal_xgb_market_uplift_135,recovery_2021,2021-03,720550.3679889924,633679.466843813,677114.9174164026
seasonal_xgb_market_uplift_135,recovery_2021,2021-04,744764.9761971887,642518.6837144063,693641.8299557975
seasonal_xgb_market_uplift_135,recovery_2021,2021-05,972159.3984057811,786052.7564669463,879106.0774363638
seasonal_xgb_market_uplift_135,recovery_2021,2021-06,751334.2650378436,681388.1278784625,716361.1964581531
seasonal_xgb_market_uplift_135,recovery_2021,2021-07,708535.211069523,763802.8363175702,736169.0236935467
seasonal_xgb_market_uplift_135,recovery_2021,2021-08,1527382.0945673876,579466.6419336383,1053424.368250513
seasonal_xgb_market_uplift_135,recovery_2021,2021-09,545125.4301819166,403319.21890236164,474222.3245421391
seasonal_xgb_market_uplift_135,recovery_2021,2021-10,430719.61911284825,371164.7405011182,400942.1798069832
seasonal_xgb_market_uplift_135,recovery_2021,2021-11,428388.06924137025,415213.5230167622,421800.79612906626
seasonal_xgb_market_uplift_135,recovery_2021,2021-12,431811.64936991734,564309.3214059332,498060.4853879253
seasonal_xgb_market_uplift_135,recovery_2022,2022-01,644954.3822959138,571141.1961911486,608047.7892435312
seasonal_xgb_market_uplift_135,recovery_2022,2022-02,928689.3681291838,748166.7822727753,838428.0752009796
seasonal_xgb_market_uplift_135,recovery_2022,2022-03,1243856.5014419982,1269084.9950408875,1256470.7482414427
seasonal_xgb_market_uplift_135,recovery_2022,2022-04,792997.3995336815,829616.1405223852,811306.7700280333
seasonal_xgb_market_uplift_135,recovery_2022,2022-05,1039402.0189760975,850385.2195021744,944893.6192391359
seasonal_xgb_market_uplift_135,recovery_2022,2022-06,770413.195856639,738154.2483766438,754283.7221166414
seasonal_xgb_market_uplift_135,recovery_2022,2022-07,599624.0046093923,708017.0221710189,653820.5133902056
seasonal_xgb_market_uplift_135,recovery_2022,2022-08,1399062.4590885874,1142659.9582005783,1270861.208644583
seasonal_xgb_market_uplift_135,recovery_2022,2022-09,843025.199602024,833434.9693616283,838230.0844818262
seasonal_xgb_market_uplift_135,recovery_2022,2022-10,561962.3663202372,453777.67427097674,507870.0202956069
seasonal_xgb_market_uplift_135,recovery_2022,2022-11,569755.1098640901,548329.0271823322,559042.0685232112
seasonal_xgb_market_uplift_135,recovery_2022,2022-12,428604.289486805,478762.7072280368,453683.4983574209
seasonal_xgb_market_uplift_135,recovery_2022_h2,2022-07,643184.2384654733,627563.0336513338,635373.6360584035
seasonal_xgb_market_uplift_135,recovery_2022_h2,2022-08,1244311.0524525081,1022909.375526022,1133610.213989265
seasonal_xgb_market_uplift_135,recovery_2022_h2,2022-09,791076.6027494649,742649.2503694963,766862.9265594806
seasonal_xgb_market_uplift_135,recovery_2022_h2,2022-10,465718.15507949516,380125.65449519845,422921.90478734684
seasonal_xgb_market_uplift_135,recovery_2022_h2,2022-11,533870.8570970756,506351.9826235591,520111.4198603173
seasonal_xgb_market_uplift_135,recovery_2022_h2,2022-12,439744.7279496886,417505.2999885889,428625.01396913873
seasonal_xgb_market_uplift_160,recovery_2021,2021-01,327679.44079079165,257983.00750683152,292831.2241488116
seasonal_xgb_market_uplift_160,recovery_2021,2021-02,618063.9219701855,492236.41338930896,555150.1676797472
seasonal_xgb_market_uplift_160,recovery_2021,2021-03,721386.8472527904,636619.2486913444,679003.0479720674
seasonal_xgb_market_uplift_160,recovery_2021,2021-04,738492.3381944498,641026.1755823506,689759.2568884002
seasonal_xgb_market_uplift_160,recovery_2021,2021-05,974079.577967273,787633.3827688779,880856.4803680754
seasonal_xgb_market_uplift_160,recovery_2021,2021-06,760627.3668444842,689886.0894610266,725256.7281527554
seasonal_xgb_market_uplift_160,recovery_2021,2021-07,708468.2954634242,770571.9964061097,739520.1459347669
seasonal_xgb_market_uplift_160,recovery_2021,2021-08,1520908.3953486376,583664.930622873,1052286.6629857554
seasonal_xgb_market_uplift_160,recovery_2021,2021-09,533319.900055996,400693.4677835897,467006.6839197929
seasonal_xgb_market_uplift_160,recovery_2021,2021-10,428897.899843065,369515.80817218847,399206.85400762677
seasonal_xgb_market_uplift_160,recovery_2021,2021-11,426246.97661441716,417710.8886113513,421978.9326128842
seasonal_xgb_market_uplift_160,recovery_2021,2021-12,440924.70912924194,567820.5828192922,504372.64597426704
seasonal_xgb_market_uplift_160,recovery_2022,2022-01,659176.2290701073,582985.1484458992,621080.6887580033
seasonal_xgb_market_uplift_160,recovery_2022,2022-02,941686.6598249149,760533.0493612333,851109.8545930741
seasonal_xgb_market_uplift_160,recovery_2022,2022-03,1259850.3733748223,1280911.0867558254,1270380.7300653239
seasonal_xgb_market_uplift_160,recovery_2022,2022-04,799769.159790954,841026.1102659252,820397.6350284396
seasonal_xgb_market_uplift_160,recovery_2022,2022-05,1040618.4166575491,850878.8384884065,945748.6275729778
seasonal_xgb_market_uplift_160,recovery_2022,2022-06,770018.3477095489,740408.5580565018,755213.4528830254
seasonal_xgb_market_uplift_160,recovery_2022,2022-07,604990.40335656,716242.7657340722,660616.5845453162
seasonal_xgb_market_uplift_160,recovery_2022,2022-08,1409020.9236015663,1151009.0212672953,1280014.9724344308
seasonal_xgb_market_uplift_160,recovery_2022,2022-09,855414.5975399199,849044.3199879357,852229.4587639278
seasonal_xgb_market_uplift_160,recovery_2022,2022-10,578017.7022473783,466025.45059184113,522021.5764196097
seasonal_xgb_market_uplift_160,recovery_2022,2022-11,582011.105925288,559155.09778211,570583.101853699
seasonal_xgb_market_uplift_160,recovery_2022,2022-12,441884.79569718585,483156.74529971357,462520.7704984497
seasonal_xgb_market_uplift_160,recovery_2022_h2,2022-07,663332.2204763336,620383.4639350142,641857.8422056739
seasonal_xgb_market_uplift_160,recovery_2022_h2,2022-08,1228554.8031613035,1013145.295821183,1120850.0494912432
seasonal_xgb_market_uplift_160,recovery_2022_h2,2022-09,789377.2798490743,739625.8135928833,764501.5467209788
seasonal_xgb_market_uplift_160,recovery_2022_h2,2022-10,460222.84420827805,376772.43913488666,418497.64167158236
seasonal_xgb_market_uplift_160,recovery_2022_h2,2022-11,538942.3116991263,508964.70673230867,523953.50921571744
seasonal_xgb_market_uplift_160,recovery_2022_h2,2022-12,446527.15233303665,415186.19058531494,430856.67145917576
seasonal_xgb_market_uplift_160_cogs098,recovery_2021,2021-01,327679.44079079165,263162.42869863036,295420.93474471103
seasonal_xgb_market_uplift_160_cogs098,recovery_2021,2021-02,618063.9219701855,503742.8844572371,560903.4032137112
seasonal_xgb_market_uplift_160_cogs098,recovery_2021,2021-03,721386.8472527904,667478.9944494141,694432.9208511022
seasonal_xgb_market_uplift_160_cogs098,recovery_2021,2021-04,738492.3381944498,648578.4578208025,693535.3980076262
seasonal_xgb_market_uplift_160_cogs098,recovery_2021,2021-05,974079.577967273,799976.6829005972,887028.1304339351
seasonal_xgb_market_uplift_160_cogs098,recovery_2021,2021-06,760627.3668444842,731093.5345038279,745860.4506741561
seasonal_xgb_market_uplift_160_cogs098,recovery_2021,2021-07,708468.2954634242,805659.4062779875,757063.8508707059
seasonal_xgb_market_uplift_160_cogs098,recovery_2021,2021-08,1520908.3953486376,584539.4532954977,1052723.9243220678
seasonal_xgb_market_uplift_160_cogs098,recovery_2021,2021-09,533319.900055996,401440.46319541783,467380.18162570696
seasonal_xgb_market_uplift_160_cogs098,recovery_2021,2021-10,428897.899843065,363613.8820657227,396255.8909543939
seasonal_xgb_market_uplift_160_cogs098,recovery_2021,2021-11,426246.97661441716,424079.94681245764,425163.4617134374
seasonal_xgb_market_uplift_160_cogs098,recovery_2021,2021-12,440924.70912924194,580205.5466080677,510565.1278686548
seasonal_xgb_market_uplift_160_cogs098,recovery_2022,2022-01,659176.2290701073,594027.4010253684,626601.8150477379
seasonal_xgb_market_uplift_160_cogs098,recovery_2022,2022-02,941686.6598249149,779234.0482501036,860460.3540375093
seasonal_xgb_market_uplift_160_cogs098,recovery_2022,2022-03,1259850.3733748223,1326039.200011074,1292944.786692948
seasonal_xgb_market_uplift_160_cogs098,recovery_2022,2022-04,799769.159790954,870081.153483116,834925.156637035
seasonal_xgb_market_uplift_160_cogs098,recovery_2022,2022-05,1040618.4166575491,852139.143673477,946378.780165513
seasonal_xgb_market_uplift_160_cogs098,recovery_2022,2022-06,770018.3477095489,760504.7007907835,765261.5242501663
seasonal_xgb_market_uplift_160_cogs098,recovery_2022,2022-07,604990.40335656,737422.0089871327,671206.2061718464
seasonal_xgb_market_uplift_160_cogs098,recovery_2022,2022-08,1409020.9236015663,1184668.7200935623,1296844.8218475643
seasonal_xgb_market_uplift_160_cogs098,recovery_2022,2022-09,855414.5975399199,867053.2443815103,861233.920960715
seasonal_xgb_market_uplift_160_cogs098,recovery_2022,2022-10,578017.7022473783,490709.84561871405,534363.7739330461
seasonal_xgb_market_uplift_160_cogs098,recovery_2022,2022-11,582011.105925288,564874.1212931344,573442.6136092113
seasonal_xgb_market_uplift_160_cogs098,recovery_2022,2022-12,441884.79569718585,494587.00204185053,468235.8988695182
seasonal_xgb_market_uplift_160_cogs098,recovery_2022_h2,2022-07,663332.2204763336,633230.9424885721,648281.5814824528
seasonal_xgb_market_uplift_160_cogs098,recovery_2022_h2,2022-08,1228554.8031613035,1035646.0080337917,1132100.4055975475
seasonal_xgb_market_uplift_160_cogs098,recovery_2022_h2,2022-09,789377.2798490743,752918.9919010256,771148.13587505
seasonal_xgb_market_uplift_160_cogs098,recovery_2022_h2,2022-10,460222.84420827805,380311.46389385883,420267.1540510685
seasonal_xgb_market_uplift_160_cogs098,recovery_2022_h2,2022-11,538942.3116991263,506487.25482432917,522714.7832617277
seasonal_xgb_market_uplift_160_cogs098,recovery_2022_h2,2022-12,446527.15233303665,420400.5825640545,433463.8674485456
seasonal_xgb_market_uplift_160_cogs102,recovery_2021,2021-01,327679.44079079165,252803.5863150327,290241.51355291216
seasonal_xgb_market_uplift_160_cogs102,recovery_2021,2021-02,618063.9219701855,480729.9423213809,549396.9321457832
seasonal_xgb_market_uplift_160_cogs102,recovery_2021,2021-03,721386.8472527904,608072.4858682047,664729.6665604976
seasonal_xgb_market_uplift_160_cogs102,recovery_2021,2021-04,738492.3381944498,644476.6015849456,691484.4698896976
seasonal_xgb_market_uplift_160_cogs102,recovery_2021,2021-05,974079.577967273,775290.0826371587,874684.8303022159
seasonal_xgb_market_uplift_160_cogs102,recovery_2021,2021-06,760627.3668444842,654759.2040606663,707693.2854525752
seasonal_xgb_market_uplift_160_cogs102,recovery_2021,2021-07,708468.2954634242,738259.6351191414,723363.9652912829
seasonal_xgb_market_uplift_160_cogs102,recovery_2021,2021-08,1520908.3953486376,588305.751001933,1054607.0731752852
seasonal_xgb_market_uplift_160_cogs102,recovery_2021,2021-09,533319.900055996,407833.02591259487,470576.46298429545
seasonal_xgb_market_uplift_160_cogs102,recovery_2021,2021-10,428897.899843065,379718.72402131854,404308.3119321918
seasonal_xgb_market_uplift_160_cogs102,recovery_2021,2021-11,426246.97661441716,411341.830410245,418794.4035123311
seasonal_xgb_market_uplift_160_cogs102,recovery_2021,2021-12,440924.70912924194,555435.6190305168,498180.1640798794
seasonal_xgb_market_uplift_160_cogs102,recovery_2022,2022-01,659176.2290701073,571942.8958664301,615559.5624682687
seasonal_xgb_market_uplift_160_cogs102,recovery_2022,2022-02,941686.6598249149,742445.1518841721,842065.9058545434
seasonal_xgb_market_uplift_160_cogs102,recovery_2022,2022-03,1259850.3733748223,1238943.917303845,1249397.1453393337
seasonal_xgb_market_uplift_160_cogs102,recovery_2022,2022-04,799769.159790954,821431.8680917603,810600.5139413571
seasonal_xgb_market_uplift_160_cogs102,recovery_2022,2022-05,1040618.4166575491,849618.5333033359,945118.4749804426
seasonal_xgb_market_uplift_160_cogs102,recovery_2022,2022-06,770018.3477095489,724267.8135842985,747143.0806469237
seasonal_xgb_market_uplift_160_cogs102,recovery_2022,2022-07,604990.40335656,699310.0050755091,652150.2042160346
seasonal_xgb_market_uplift_160_cogs102,recovery_2022,2022-08,1409020.9236015663,1117349.3224410282,1263185.1230212972
seasonal_xgb_market_uplift_160_cogs102,recovery_2022,2022-09,855414.5975399199,831035.395594361,843224.9965671404
seasonal_xgb_market_uplift_160_cogs102,recovery_2022,2022-10,578017.7022473783,443383.2090831511,510700.4556652647
seasonal_xgb_market_uplift_160_cogs102,recovery_2022,2022-11,582011.105925288,553436.0742710854,567723.5900981867
seasonal_xgb_market_uplift_160_cogs102,recovery_2022,2022-12,441884.79569718585,473869.51214119175,457877.1539191888
seasonal_xgb_market_uplift_160_cogs102,recovery_2022_h2,2022-07,663332.2204763336,613512.6473809788,638422.4339286562
seasonal_xgb_market_uplift_160_cogs102,recovery_2022_h2,2022-08,1228554.8031613035,990644.5836085745,1109599.6933849389
seasonal_xgb_market_uplift_160_cogs102,recovery_2022_h2,2022-09,789377.2798490743,727094.5224227237,758235.901135899
seasonal_xgb_market_uplift_160_cogs102,recovery_2022_h2,2022-10,460222.84420827805,379302.7112330635,419762.7777206708
seasonal_xgb_market_uplift_160_cogs102,recovery_2022_h2,2022-11,538942.3116991263,511442.15864028817,525192.2351697072
seasonal_xgb_market_uplift_160_cogs102,recovery_2022_h2,2022-12,446527.15233303665,414262.1540526028,430394.65319281974
