Feature,Gain,Weight,Cover,XGBContribution,Permutation,Target,CompositeImportance,BusinessMeaning
daily_promo_order_count_roll7,1.1925468444824219,107.0,1849.541015625,0.04736889,0.06384224593639373,COGS_Ratio,0.9054187192118228,nhu cầu lịch sử và tính mùa vụ
daily_total_item_revenue_lag365,36410039992320.0,116.0,1083.9627685546875,141256.55,183012.425,Revenue_Residual,0.7620711412246093,nhu cầu lịch sử và tính mùa vụ
daily_discount_depth_roll7,1.0549134016036987,147.0,799.261962890625,0.036094245,0.05673665776848793,COGS_Ratio,0.7383100307177123,nhu cầu lịch sử và tính mùa vụ
promo_penetration_rate_roll7,0.424021452665329,203.0,1206.046142578125,0.033605084,0.04926701337099075,COGS_Ratio,0.6977542116851823,nhu cầu lịch sử và tính mùa vụ
day_of_week,21236518223872.0,131.0,1197.0897216796875,111643.52,140318.21875,Revenue_Residual,0.670983236388374,"hiệu ứng lịch, mùa vụ ngắn hạn và ngày đặc biệt"
daily_gross_revenue_before_discount_lag365,24838651510784.0,110.0,832.0390625,99673.875,151585.71875,Revenue_Residual,0.6052332506964004,nhu cầu lịch sử và tính mùa vụ
days_until_holiday,26263286710272.0,151.0,957.17333984375,58932.934,86182.771875,Revenue_Residual,0.5479801912381828,"hiệu ứng lịch, mùa vụ ngắn hạn và ngày đặc biệt"
aov_lag365,30583298195456.0,65.0,943.4385986328125,87816.13,89181.4640625,Revenue_Residual,0.4867227042843374,nhu cầu lịch sử và tính mùa vụ
daily_discount_amount_roll7,1.06219482421875,61.0,759.90966796875,0.0152193755,0.024282491579651833,COGS_Ratio,0.4607394278466397,nhu cầu lịch sử và tính mùa vụ
daily_discount_depth_lag365,0.3403840959072113,158.0,988.3157348632812,0.016052715,0.021620885655283927,COGS_Ratio,0.4551314027839991,nhu cầu lịch sử và tính mùa vụ
day_of_year,16475517616128.0,66.0,986.9393920898438,55393.4,78485.65625,Revenue_Residual,0.4026112510110599,"hiệu ứng lịch, mùa vụ ngắn hạn và ngày đặc biệt"
daily_order_count_lag30,45472551010304.0,37.0,1751.75927734375,26315.13,8730.1669921875,Revenue_Residual,0.401552395751851,nhu cầu lịch sử và tính mùa vụ
days_until_holiday,0.028011461719870567,202.0,1248.4168701171875,0.0059520523,0.007890921458601952,COGS_Ratio,0.3885607123439404,"hiệu ứng lịch, mùa vụ ngắn hạn và ngày đặc biệt"
promo_penetration_rate_roll7,30472669233152.0,31.0,1103.6097412109375,53137.43,61500.5390625,Revenue_Residual,0.3803685803790996,nhu cầu lịch sử và tính mùa vụ
legacy_order_ratio_roll30,86002844565504.0,8.0,1070.10009765625,33073.004,0.0,Revenue_Residual,0.3795972187969864,nhu cầu lịch sử và tính mùa vụ
daily_expected_margin_mix_roll30,33526227402752.0,43.0,671.0580444335938,60432.086,72836.2125,Revenue_Residual,0.37669496256553453,nhu cầu lịch sử và tính mùa vụ
size_mix_return_pressure_roll7,36124844097536.0,29.0,716.1690063476562,51679.668,71844.4203125,Revenue_Residual,0.3558692906629556,nhu cầu lịch sử và tính mùa vụ
active_customer_demographic_mix_score_roll7,67815352565760.0,12.0,1035.9417724609375,36243.18,2979.1201171875,Revenue_Residual,0.3464444346053096,nhu cầu lịch sử và tính mùa vụ
active_customer_demographic_mix_score_lag365,85659893104640.0,5.0,833.2200317382812,21515.748,4014.90361328125,Revenue_Residual,0.3358054336790313,nhu cầu lịch sử và tính mùa vụ
daily_order_line_count_lag30,27778871197696.0,42.0,1474.42626953125,24975.158,8574.60234375,Revenue_Residual,0.33329759072939696,nhu cầu lịch sử và tính mùa vụ
daily_total_quantity_lag30,46858516824064.0,38.0,1226.644775390625,18845.416,5303.6486328125,Revenue_Residual,0.331826482731955,nhu cầu lịch sử và tính mùa vụ
covid_intensity_lag30,71767250960384.0,1.0,1316.0,4718.6694,5014.5904296875,Revenue_Residual,0.33062956805651533,nhu cầu lịch sử và tính mùa vụ
daily_total_item_revenue_roll7,21484124766208.0,73.0,596.2177734375,37871.4,38481.996875,Revenue_Residual,0.31039561624326134,nhu cầu lịch sử và tính mùa vụ
new_customer_aov_roll7,23962926972928.0,53.0,535.4414672851562,47647.52,46128.86640625,Revenue_Residual,0.30492944770320063,nhu cầu lịch sử và tính mùa vụ
daily_expected_margin_mix_roll30,0.008256050758063793,195.0,635.1702270507812,0.0041063298,0.005352227948606014,COGS_Ratio,0.2962916333873879,nhu cầu lịch sử và tính mùa vụ
daily_total_item_revenue_lag7,20459980587008.0,77.0,650.4544677734375,32298.299,22716.959765625,Revenue_Residual,0.29438510687668296,nhu cầu lịch sử và tính mùa vụ
new_customer_aov_lag365,14261968437248.0,47.0,895.0062866210938,32818.29,39843.20859375,Revenue_Residual,0.2876093877957294,nhu cầu lịch sử và tính mùa vụ
legacy_revenue_share_roll30,55331254173696.0,12.0,969.5833129882812,20369.477,1820.119287109375,Revenue_Residual,0.28609482053204954,nhu cầu lịch sử và tính mùa vụ
daily_gross_revenue_before_discount_lag7,41563543568384.0,38.0,654.015869140625,25397.238,25175.97890625,Revenue_Residual,0.28512882401023254,nhu cầu lịch sử và tính mùa vụ
daily_return_risk_index_lag365,21489579458560.0,42.0,744.3333129882812,34961.695,37575.29921875,Revenue_Residual,0.2811485875603835,nhu cầu lịch sử và tính mùa vụ
daily_total_cogs_lag30,18521794805760.0,51.0,926.162841796875,27088.787,21892.439453125,Revenue_Residual,0.2786416322958036,nhu cầu lịch sử và tính mùa vụ
size_mix_return_pressure_roll30,25648674373632.0,29.0,716.2035522460938,29829.957,40017.85234375,Revenue_Residual,0.26579387393659976,nhu cầu lịch sử và tính mùa vụ
daily_promo_order_count_lag365,39800056840192.0,21.0,904.4666748046875,16515.135,15544.958203125,Revenue_Residual,0.2640046383663209,nhu cầu lịch sử và tính mùa vụ
daily_discount_depth_roll7,25804989792256.0,15.0,1202.86669921875,11262.738,27703.580859375,Revenue_Residual,0.26343117186609805,nhu cầu lịch sử và tính mùa vụ
covid_intensity_roll30,32471905206272.0,2.0,1450.550048828125,7113.2207,8641.8314453125,Revenue_Residual,0.2632885605577836,nhu cầu lịch sử và tính mùa vụ
city_encoded_lag30,20077428604928.0,26.0,1312.7154541015625,17480.129,6032.45830078125,Revenue_Residual,0.2623430712323881,nhu cầu lịch sử và tính mùa vụ
daily_total_cogs_lag365,17829411684352.0,59.0,539.3372802734375,24625.861,37360.99453125,Revenue_Residual,0.2568804916726398,nhu cầu lịch sử và tính mùa vụ
daily_order_count_roll7,18616867094528.0,29.0,1344.968994140625,3308.176,3022.827392578125,Revenue_Residual,0.24324791371035165,nhu cầu lịch sử và tính mùa vụ
daily_gross_revenue_before_discount_lag30,24901675122688.0,30.0,907.3333740234375,17372.725,12690.9640625,Revenue_Residual,0.2397015310780944,nhu cầu lịch sử và tính mùa vụ
active_customer_demographic_mix_score_lag30,38857747726336.0,10.0,701.1699829101562,15421.19,31298.73046875,Revenue_Residual,0.23970037653158896,nhu cầu lịch sử và tính mùa vụ
aov_roll7,0.23914094269275665,64.0,934.1813354492188,0.004521381,0.004806604515761137,COGS_Ratio,0.23832558790823438,nhu cầu lịch sử và tính mùa vụ
customer_repurchase_cadence_index_roll7,16779750408192.0,22.0,814.504638671875,22796.3,31623.133984375,Revenue_Residual,0.22798812357510295,nhu cầu lịch sử và tính mùa vụ
size_mix_return_pressure_lag365,17357480132608.0,39.0,405.7384948730469,27305.043,42684.33828125,Revenue_Residual,0.2236506707154323,nhu cầu lịch sử và tính mùa vụ
daily_total_quantity_lag7,27030120824832.0,70.0,455.0014343261719,7467.381,3382.714013671875,Revenue_Residual,0.22179133615003788,nhu cầu lịch sử và tính mùa vụ
promo_penetration_rate_lag365,44562621923328.0,4.0,830.375,6117.907,7665.002734375,Revenue_Residual,0.22077188789331775,nhu cầu lịch sử và tính mùa vụ
daily_total_cogs_lag7,25122752692224.0,39.0,623.546142578125,13547.34,16619.59921875,Revenue_Residual,0.21861299875457432,nhu cầu lịch sử và tính mùa vụ
avg_delivery_days_lag365,10458427817984.0,34.0,902.4675903320312,16966.43,20270.075,Revenue_Residual,0.21856353813363497,nhu cầu lịch sử và tính mùa vụ
daily_promo_line_count_roll7,0.18692290782928467,59.0,703.69140625,0.0055161705,0.008676767908036708,COGS_Ratio,0.21604239339759332,nhu cầu lịch sử và tính mùa vụ
daily_order_line_count_lag7,30925161234432.0,45.0,616.7576904296875,4228.293,3850.795751953125,Revenue_Residual,0.21212997424859842,nhu cầu lịch sử và tính mùa vụ
promo_penetration_rate_roll30,0.027275260537862778,127.0,585.018798828125,0.001864022,0.002924495842307806,COGS_Ratio,0.2099902796348112,nhu cầu lịch sử và tính mùa vụ
daily_expected_margin_mix_roll7,0.002801245078444481,137.0,600.7515258789062,0.000762292,0.0011722315801307559,COGS_Ratio,0.20729819923416043,nhu cầu lịch sử và tính mùa vụ
daily_mobile_order_ratio_lag365,10157575634944.0,37.0,749.4324951171875,14613.741,21905.673828125,Revenue_Residual,0.20282158689236426,nhu cầu lịch sử và tính mùa vụ
daily_gross_revenue_before_discount_roll7,23897684574208.0,42.0,436.4428405761719,19852.268,12191.834375,Revenue_Residual,0.20246400667206338,nhu cầu lịch sử và tính mùa vụ
day_of_year,0.030543223023414612,130.0,452.10162353515625,0.002055607,0.0031499085016548634,COGS_Ratio,0.2006360805141008,"hiệu ứng lịch, mùa vụ ngắn hạn và ngày đặc biệt"
daily_order_count_lag365,27952416817152.0,25.0,572.303955078125,10781.043,17791.841796875,Revenue_Residual,0.198164334125782,nhu cầu lịch sử và tính mùa vụ
new_customer_aov_roll30,15703767777280.0,25.0,662.156005859375,16648.436,22816.9,Revenue_Residual,0.19373746008859308,nhu cầu lịch sử và tính mùa vụ
daily_total_cogs_roll7,12510863294464.0,49.0,677.5143432617188,8312.811,9431.519140625,Revenue_Residual,0.19342395621899763,nhu cầu lịch sử và tính mùa vụ
aov_roll7,20291514269696.0,23.0,660.6000366210938,13120.253,19745.768359375,Revenue_Residual,0.19322800680724925,nhu cầu lịch sử và tính mùa vụ
legacy_aov_lag365,26945567850496.0,39.0,362.4999694824219,16914.342,12113.83125,Revenue_Residual,0.19289129158263174,nhu cầu lịch sử và tính mùa vụ
regional_revenue_concentration_index_roll7,0.0014003418618813157,102.0,767.3529663085938,0.0005809632,0.0008430457208305597,COGS_Ratio,0.18879908308800755,nhu cầu lịch sử và tính mùa vụ
high_intent_traffic_share_roll7,0.001149850315414369,84.0,928.2882080078125,0.00055650534,0.0006953454576432705,COGS_Ratio,0.18785983628301434,nhu cầu lịch sử và tính mùa vụ
week_of_year,16439193894912.0,18.0,795.38330078125,8006.905,19443.88203125,Revenue_Residual,0.1854655227430665,"hiệu ứng lịch, mùa vụ ngắn hạn và ngày đặc biệt"
covid_intensity_lag365,0.06690900772809982,12.0,1338.5582275390625,0.0016334644,0.002069099387153983,COGS_Ratio,0.18116745862718323,nhu cầu lịch sử và tính mùa vụ
active_customer_demographic_mix_score_roll30,20012102320128.0,9.0,977.9110107421875,3769.5444,4224.576123046875,Revenue_Residual,0.18006165124210535,nhu cầu lịch sử và tính mùa vụ
financing_intensity_index_roll30,10418019893248.0,40.0,537.8300170898438,13924.381,19570.877734375,Revenue_Residual,0.17971435025523702,nhu cầu lịch sử và tính mùa vụ
daily_mobile_order_ratio_roll30,0.0016198873054236174,126.0,472.33251953125,0.00042958636,0.0007471455493941904,COGS_Ratio,0.17963963684574635,nhu cầu lịch sử và tính mùa vụ
city_encoded_lag365,0.014412637799978256,86.0,701.7117309570312,0.0017169415,0.002579947886988521,COGS_Ratio,0.1783572316109793,nhu cầu lịch sử và tính mùa vụ
daily_discount_depth_lag7,15051205378048.0,9.0,880.9556274414062,11369.28,11989.2369140625,Revenue_Residual,0.1767011576780963,nhu cầu lịch sử và tính mùa vụ
daily_discount_amount_lag7,18664055111680.0,11.0,813.5908813476562,7565.5547,10077.5583984375,Revenue_Residual,0.1725860851614504,nhu cầu lịch sử và tính mùa vụ
daily_mobile_order_ratio_lag30,0.0011340457713231444,127.0,418.03082275390625,0.00018322893,0.00040243942639790476,COGS_Ratio,0.17255143433799214,nhu cầu lịch sử và tính mùa vụ
financing_intensity_index_lag365,0.0011769960401579738,107.0,585.0868530273438,0.0003252869,0.0005220132297836244,COGS_Ratio,0.17189318308839424,nhu cầu lịch sử và tính mùa vụ
daily_discount_depth_lag7,0.07980061322450638,55.0,693.3345336914062,0.003451854,0.004574157018214464,COGS_Ratio,0.17144801484473,nhu cầu lịch sử và tính mùa vụ
daily_total_item_revenue_lag30,18529650737152.0,44.0,435.2386474609375,7616.823,8129.252734375,Revenue_Residual,0.17072874451266157,nhu cầu lịch sử và tính mùa vụ
city_encoded_roll30,22978452520960.0,20.0,682.1900024414062,5579.321,1563.2322265625,Revenue_Residual,0.16742072453699783,nhu cầu lịch sử và tính mùa vụ
daily_promo_line_count_roll30,33379923787776.0,27.0,163.82962036132812,11957.687,16050.599609375,Revenue_Residual,0.16656223449718421,nhu cầu lịch sử và tính mùa vụ
avg_delivery_days_lag7,0.0008117448887787759,96.0,636.4166870117188,0.00035099348,0.0004827067139558494,COGS_Ratio,0.1665304386951187,nhu cầu lịch sử và tính mùa vụ
daily_promo_line_count_roll7,25951981273088.0,21.0,392.7428283691406,12447.284,14516.9234375,Revenue_Residual,0.16649390524568747,nhu cầu lịch sử và tính mùa vụ
category_reason_weighted_return_risk_lag365,0.0013028025859966874,78.0,801.1307373046875,0.00032495765,0.00045450741308741274,COGS_Ratio,0.16649187786001787,nhu cầu lịch sử và tính mùa vụ
new_customer_aov_lag30,0.0008672325639054179,76.0,807.3130493164062,0.00044735667,0.0005556405754759908,COGS_Ratio,0.1659505224995207,nhu cầu lịch sử và tính mùa vụ
category_encoded_lag30,18693144707072.0,30.0,377.92333984375,17215.352,13305.167578125,Revenue_Residual,0.16526872211671162,nhu cầu lịch sử và tính mùa vụ
payment_method_cancellation_risk_lag7,0.0014436709461733699,97.0,609.4485473632812,0.00036528485,0.0005928846541792155,COGS_Ratio,0.16511093915330535,nhu cầu lịch sử và tính mùa vụ
daily_discount_amount_lag7,0.027198003605008125,75.0,614.367919921875,0.0024159614,0.00306730424053967,COGS_Ratio,0.164697227629872,nhu cầu lịch sử và tính mùa vụ
daily_mobile_order_ratio_lag7,0.0009539168095216155,108.0,500.80914306640625,0.0002793901,0.0005349254235625267,COGS_Ratio,0.16357429346282845,nhu cầu lịch sử và tính mùa vụ
daily_stockout_rate_lag30,0.0009380900883115828,100.0,567.7919311523438,0.00027930233,0.0005160111002624034,COGS_Ratio,0.16287342133690688,nhu cầu lịch sử và tính mùa vụ
daily_order_line_count_lag365,23118548566016.0,28.0,432.87860107421875,5569.1694,13465.2615234375,Revenue_Residual,0.1628708547013487,nhu cầu lịch sử và tính mùa vụ
wt_sessions_roll30,31087615016960.0,9.0,408.2222595214844,9884.375,14061.825390625,Revenue_Residual,0.16018403402466783,nhu cầu lịch sử và tính mùa vụ
upt_lag30,0.0009417813853360713,99.0,544.2908935546875,0.0003937846,0.0005748020950704813,COGS_Ratio,0.1600150762447881,nhu cầu lịch sử và tính mùa vụ
daily_avg_fill_rate_roll30,13209824133120.0,28.0,682.7750244140625,4064.3977,7647.06962890625,Revenue_Residual,0.1598701811556385,nhu cầu lịch sử và tính mùa vụ
avg_delivery_days_roll7,8810110386176.0,40.0,393.5224914550781,14227.785,19104.79765625,Revenue_Residual,0.159419660987727,nhu cầu lịch sử và tính mùa vụ
wt_bounce_rate_roll7,0.0009598800679668784,100.0,523.0889282226562,0.00028463732,0.0004736561910249293,COGS_Ratio,0.1579329585107542,nhu cầu lịch sử và tính mùa vụ
daily_expected_margin_mix_lag30,0.0012489809887483716,98.0,518.8225708007812,0.00050637894,0.0008184814476408064,COGS_Ratio,0.15756613227721505,nhu cầu lịch sử và tính mùa vụ
daily_expected_margin_mix_roll7,14732221218816.0,17.0,589.0117797851562,11515.857,15682.1294921875,Revenue_Residual,0.15746708923016112,nhu cầu lịch sử và tính mùa vụ
financing_intensity_index_lag7,0.0008722544298507273,118.0,352.6686096191406,0.00014880682,0.00034865802736021577,COGS_Ratio,0.15625877747516256,nhu cầu lịch sử và tính mùa vụ
customer_repurchase_cadence_index_roll30,19265499430912.0,27.0,452.55181884765625,7706.6074,10839.9783203125,Revenue_Residual,0.1549895317144929,nhu cầu lịch sử và tính mùa vụ
daily_order_line_count_roll30,17662581145600.0,40.0,363.00750732421875,8224.945,6867.6576171875,Revenue_Residual,0.15464997930432273,nhu cầu lịch sử và tính mùa vụ
daily_discount_amount_roll7,24788990951424.0,17.0,430.3588562011719,6427.489,14342.5330078125,Revenue_Residual,0.1540722228995773,nhu cầu lịch sử và tính mùa vụ
legacy_aov_roll7,0.08855199068784714,58.0,632.3794555664062,0.0019243733,0.0016355230240151287,COGS_Ratio,0.1536247627003487,nhu cầu lịch sử và tính mùa vụ
regional_revenue_concentration_index_roll7,8107040702464.0,48.0,345.2333068847656,11627.762,13469.9380859375,Revenue_Residual,0.15302829767802992,nhu cầu lịch sử và tính mùa vụ
daily_order_count_lag7,21788522184704.0,38.0,307.084228515625,5926.179,5641.6037109375,Revenue_Residual,0.15061645598591167,nhu cầu lịch sử và tính mùa vụ
wt_unique_visitors_lag365,0.0010238937102258205,37.0,1008.07568359375,0.00042920042,0.000602881028316915,COGS_Ratio,0.14933393740817064,nhu cầu lịch sử và tính mùa vụ
promo_penetration_rate_lag365,0.06279755383729935,50.0,685.7100219726562,0.0018686613,0.0022967102471739055,COGS_Ratio,0.149026743637034,nhu cầu lịch sử và tính mùa vụ
high_intent_traffic_share_roll30,0.0011614739196375012,58.0,810.4843139648438,0.00035247902,0.0004918816208373755,COGS_Ratio,0.1480084739736184,nhu cầu lịch sử và tính mùa vụ
legacy_aov_lag30,11911125008384.0,26.0,504.87689208984375,11475.318,10000.145703125,Revenue_Residual,0.1469545935750519,nhu cầu lịch sử và tính mùa vụ
promo_penetration_rate_roll30,30421551153152.0,15.0,288.7133483886719,6768.698,12461.6029296875,Revenue_Residual,0.14677754408664956,nhu cầu lịch sử và tính mùa vụ
wt_bounce_rate_lag30,0.0014732885174453259,95.0,452.54107666015625,0.0003237864,0.00045179518638178707,COGS_Ratio,0.14556107559062764,nhu cầu lịch sử và tính mùa vụ
avg_delivery_days_lag30,0.0009816838428378105,95.0,460.2126770019531,0.00016466137,0.0003749120340216905,COGS_Ratio,0.14539548927471196,nhu cầu lịch sử và tính mùa vụ
daily_discount_depth_lag30,0.03801746666431427,47.0,780.38720703125,0.0009872972,0.0012956312857568264,COGS_Ratio,0.14529578329287135,nhu cầu lịch sử và tính mùa vụ
category_reason_weighted_return_risk_roll30,20596477919232.0,26.0,429.06927490234375,5562.092,5247.46083984375,Revenue_Residual,0.14493123294213572,nhu cầu lịch sử và tính mùa vụ
size_mix_return_pressure_lag7,9874520932352.0,28.0,622.3607177734375,4561.481,6121.38837890625,Revenue_Residual,0.14425286453046757,nhu cầu lịch sử và tính mùa vụ
daily_stockout_rate_lag365,0.0011267663212493062,92.0,473.0520935058594,0.00017081156,0.0003169780655298382,COGS_Ratio,0.14369702149094118,nhu cầu lịch sử và tính mùa vụ
daily_total_quantity_lag365,20531992592384.0,22.0,394.0909118652344,6117.8667,11665.5521484375,Revenue_Residual,0.1432904787542724,nhu cầu lịch sử và tính mùa vụ
daily_mobile_order_ratio_lag365,0.0012282301904633641,93.0,455.6451721191406,0.00018283448,0.0003976196865551174,COGS_Ratio,0.14312035387968108,nhu cầu lịch sử và tính mùa vụ
wt_avg_session_dur_lag30,0.0012530246749520302,83.0,545.9602661132812,0.000141136,0.0003179940802510828,COGS_Ratio,0.1426130089105651,nhu cầu lịch sử và tính mùa vụ
daily_stockout_rate_lag365,12341864300544.0,20.0,484.94500732421875,10925.572,14223.558203125,Revenue_Residual,0.1415706907382544,nhu cầu lịch sử và tính mùa vụ
active_customer_demographic_mix_score_roll7,0.0019113091984763741,3.0,1269.7332763671875,6.043162e-05,9.545669745421037e-05,COGS_Ratio,0.14113292692739382,nhu cầu lịch sử và tính mùa vụ
high_intent_traffic_share_lag30,0.0013445904478430748,84.0,520.517822265625,0.00017294678,0.00034844764741137624,COGS_Ratio,0.1410920832598346,nhu cầu lịch sử và tính mùa vụ
daily_total_quantity_roll7,12556225740800.0,36.0,458.8249206542969,3017.2747,4559.46455078125,Revenue_Residual,0.1385208823336375,nhu cầu lịch sử và tính mùa vụ
daily_stockout_rate_lag30,10472025751552.0,34.0,445.7970275878906,5857.0913,7988.19150390625,Revenue_Residual,0.13730543331814174,nhu cầu lịch sử và tính mùa vụ
daily_order_line_count_roll7,12825847136256.0,47.0,330.0,3285.418,2226.0947998046877,Revenue_Residual,0.1368390591287646,nhu cầu lịch sử và tính mùa vụ
wt_bounce_rate_lag7,0.0008293487480841577,82.0,498.4890441894531,0.0001984335,0.0003664255084004253,COGS_Ratio,0.13681707825257686,nhu cầu lịch sử và tính mùa vụ
daily_cod_order_ratio_lag30,0.0013454578584060073,70.0,596.4656982421875,0.0003517693,0.0005227006855420768,COGS_Ratio,0.13681265125085784,nhu cầu lịch sử và tính mùa vụ
wt_unique_visitors_roll30,49692746448896.0,2.0,125.19999694824219,1643.7878,1705.942333984375,Revenue_Residual,0.13669558269379495,nhu cầu lịch sử và tính mùa vụ
daily_stockout_rate_roll30,11932997255168.0,43.0,321.7627258300781,4398.132,8238.0193359375,Revenue_Residual,0.13666967639489938,nhu cầu lịch sử và tính mùa vụ
daily_discount_amount_lag365,7750682673152.0,13.0,715.9384765625,6381.3105,9522.0119140625,Revenue_Residual,0.13642308668369546,nhu cầu lịch sử và tính mùa vụ
category_reason_weighted_return_risk_lag30,0.001314054592512548,89.0,430.4776306152344,0.00028636758,0.00022787394700571895,COGS_Ratio,0.136377739297944,nhu cầu lịch sử và tính mùa vụ
aov_lag30,13936901488640.0,22.0,445.2954406738281,8414.809,10231.666015625,Revenue_Residual,0.13548480850650513,nhu cầu lịch sử và tính mùa vụ
financing_intensity_index_lag30,0.0008134079980663955,85.0,458.5411682128906,0.000122368,0.00023583278525620698,COGS_Ratio,0.13472003596281573,nhu cầu lịch sử và tính mùa vụ
regional_revenue_concentration_index_roll30,0.0015767948934808373,84.0,460.7154541015625,0.00016458078,0.0001974492013687268,COGS_Ratio,0.13415594172591133,nhu cầu lịch sử và tính mùa vụ
financing_intensity_index_roll30,0.0010481476783752441,72.0,560.1985473632812,0.00024206124,0.0003266919869929552,COGS_Ratio,0.1337342392692557,nhu cầu lịch sử và tính mùa vụ
customer_repurchase_cadence_index_lag30,0.0010495064780116081,88.0,410.5556640625,0.00029104544,0.00035192286013625563,COGS_Ratio,0.13360225170446655,nhu cầu lịch sử và tính mùa vụ
legacy_order_ratio_lag30,15504443965440.0,14.0,493.5999450683594,7304.17,10834.04375,Revenue_Residual,0.13313485843442535,nhu cầu lịch sử và tính mùa vụ
financing_intensity_index_roll7,0.0009279093355871737,83.0,460.779541015625,0.0001208438,0.00027481280267238617,COGS_Ratio,0.13312651980534518,nhu cầu lịch sử và tính mùa vụ
week_of_year,0.05704303830862045,58.0,477.7086486816406,0.0016611284,0.0023868617601692675,COGS_Ratio,0.13285739947101408,"hiệu ứng lịch, mùa vụ ngắn hạn và ngày đặc biệt"
category_encoded_lag365,11420979691520.0,28.0,319.4642639160156,10330.852,16011.1140625,Revenue_Residual,0.13224354080725126,nhu cầu lịch sử và tính mùa vụ
regional_revenue_concentration_index_roll30,10487955718144.0,31.0,401.2483825683594,8351.424,8116.06044921875,Revenue_Residual,0.13195418080164661,nhu cầu lịch sử và tính mùa vụ
wt_avg_session_dur_lag365,0.0024972734972834587,73.0,524.9382934570312,0.00021235416,0.00023847093107178807,COGS_Ratio,0.13074782536220628,nhu cầu lịch sử và tính mùa vụ
daily_avg_fill_rate_lag7,0.0011949215549975634,83.0,427.8662414550781,0.00024313615,0.00033854025532491504,COGS_Ratio,0.13032820317075863,nhu cầu lịch sử và tính mùa vụ
avg_delivery_days_roll30,9923539763200.0,29.0,438.3034362792969,5606.3,9902.315625,Revenue_Residual,0.1302885702210061,nhu cầu lịch sử và tính mùa vụ
daily_promo_order_count_roll7,17980868001792.0,10.0,465.8900451660156,7576.495,9909.39921875,Revenue_Residual,0.12980721823694982,nhu cầu lịch sử và tính mùa vụ
daily_avg_fill_rate_roll30,0.0028335268143564463,77.0,454.55194091796875,0.0004996335,0.0006626276299357414,COGS_Ratio,0.12967559086226532,nhu cầu lịch sử và tính mùa vụ
size_mix_return_pressure_lag365,0.0012234848691150546,77.0,465.2259521484375,0.00027410005,0.0002741349569987506,COGS_Ratio,0.12839052462904482,nhu cầu lịch sử và tính mùa vụ
wt_page_views_lag7,0.0011778910411521792,70.0,519.88427734375,0.00025085808,0.00040258634253405036,COGS_Ratio,0.12770107163887473,nhu cầu lịch sử và tính mùa vụ
regional_revenue_concentration_index_lag365,0.0011141556315124035,76.0,461.2933349609375,0.00027993467,0.0003976499661803246,COGS_Ratio,0.1273732872741698,nhu cầu lịch sử và tính mùa vụ
upt_lag365,8907599642624.0,27.0,347.1370544433594,10110.72,15470.148046875,Revenue_Residual,0.1273307326877654,nhu cầu lịch sử và tính mùa vụ
active_customer_demographic_mix_score_lag7,29782200811520.0,8.0,161.39999389648438,9576.711,14087.884765625,Revenue_Residual,0.1272367226699775,nhu cầu lịch sử và tính mùa vụ
daily_mobile_order_ratio_roll7,0.0009678688365966082,84.0,395.00836181640625,0.000119497956,0.0002783509669825435,COGS_Ratio,0.1270116824569008,nhu cầu lịch sử và tính mùa vụ
month,8563188039680.0,3.0,824.63330078125,2707.5789,4194.3017578125,Revenue_Residual,0.1264535868521262,"hiệu ứng lịch, mùa vụ ngắn hạn và ngày đặc biệt"
legacy_aov_lag365,0.004053397104144096,69.0,504.5087890625,0.00021987948,0.0005031174630858004,COGS_Ratio,0.12571960760358195,nhu cầu lịch sử và tính mùa vụ
avg_delivery_days_roll30,0.001563533442094922,84.0,365.66192626953125,0.00017214452,0.0003841133264359087,COGS_Ratio,0.12449181274549848,nhu cầu lịch sử và tính mùa vụ
daily_total_item_revenue_lag30,0.00338190421462059,78.0,413.5898132324219,0.0002811272,0.0003316209127660841,COGS_Ratio,0.12436381793997311,nhu cầu lịch sử và tính mùa vụ
daily_discount_depth_roll30,0.006259037647396326,48.0,670.856201171875,0.00028977683,0.0006920682266354561,COGS_Ratio,0.12427487283301057,nhu cầu lịch sử và tính mùa vụ
daily_discount_amount_lag30,0.04483047500252724,36.0,695.3416137695312,0.00068548863,0.0009584952495060861,COGS_Ratio,0.1240740997093958,nhu cầu lịch sử và tính mùa vụ
daily_return_risk_index_lag30,0.001743862871080637,75.0,439.5173034667969,0.00014775172,0.0003130460681859404,COGS_Ratio,0.1233157821986097,nhu cầu lịch sử và tính mùa vụ
daily_order_line_count_lag30,0.0018478631973266602,47.0,682.4212646484375,0.00044748557,0.0003181794832926244,COGS_Ratio,0.12329503334411088,nhu cầu lịch sử và tính mùa vụ
daily_avg_fill_rate_roll7,0.0016017114976420999,84.0,358.3940124511719,0.00012883343,0.00025746950122993437,COGS_Ratio,0.12313269305338052,nhu cầu lịch sử và tính mùa vụ
wt_bounce_rate_roll30,0.0018466080073267221,82.0,363.5378112792969,0.00019018275,0.0003780391998589039,COGS_Ratio,0.12239628443353615,nhu cầu lịch sử và tính mùa vụ
daily_stockout_rate_roll7,10639212806144.0,44.0,198.09771728515625,5606.0864,7931.70693359375,Revenue_Residual,0.12224208224944477,nhu cầu lịch sử và tính mùa vụ
avg_delivery_days_roll7,0.0012023565359413624,87.0,317.696533203125,0.000181521,0.00029880887013860046,COGS_Ratio,0.12197252471667153,nhu cầu lịch sử và tính mùa vụ
daily_discount_amount_lag365,0.03339461609721184,59.0,430.5508728027344,0.0012207777,0.0020767014473676683,COGS_Ratio,0.12194629596099596,nhu cầu lịch sử và tính mùa vụ
daily_cod_order_ratio_roll30,0.0010461766505613923,82.0,366.22686767578125,0.0001416769,0.00023111603513825685,COGS_Ratio,0.12188775649677175,nhu cầu lịch sử và tính mùa vụ
daily_cod_order_ratio_roll7,0.0007364240009337664,69.0,484.1986083984375,0.00013381711,0.00025392983225174247,COGS_Ratio,0.12182307719109235,nhu cầu lịch sử và tính mùa vụ
daily_avg_fill_rate_lag30,0.0010861688060685992,79.0,390.8202819824219,0.00015781152,0.000244833150645718,COGS_Ratio,0.12170930099947652,nhu cầu lịch sử và tính mùa vụ
daily_stockout_rate_lag7,0.0009112698608078063,77.0,409.7428894042969,0.000112704896,0.00023543699644505977,COGS_Ratio,0.12153583676157656,nhu cầu lịch sử và tính mùa vụ
wt_avg_session_dur_roll7,0.0010140427621081471,60.0,560.7698974609375,0.00017116962,0.0002654590643942356,COGS_Ratio,0.12147649948058184,nhu cầu lịch sử và tính mùa vụ
daily_expected_margin_mix_lag7,0.0013634742936119437,83.0,347.98431396484375,0.00013968998,0.00031610067235305906,COGS_Ratio,0.12121137834512044,nhu cầu lịch sử và tính mùa vụ
wt_page_views_lag365,0.0013762761373072863,52.0,624.2750244140625,0.00021584888,0.00032457644701935353,COGS_Ratio,0.12089644066006625,nhu cầu lịch sử và tính mùa vụ
wt_sessions_roll7,10092361547776.0,14.0,543.3643188476562,5282.737,8451.27724609375,Revenue_Residual,0.12076466870329905,nhu cầu lịch sử và tính mùa vụ
size_mix_return_pressure_roll7,0.001849739346653223,47.0,656.4957885742188,0.00021470469,0.0004317866230849177,COGS_Ratio,0.11986495498230854,nhu cầu lịch sử và tính mùa vụ
covid_intensity_lag30,0.007639000192284584,41.0,652.1852416992188,0.00083317695,0.0012786333682015538,COGS_Ratio,0.11972264798821197,nhu cầu lịch sử và tính mùa vụ
payment_method_cancellation_risk_lag30,0.0013568090507760644,75.0,402.4320373535156,0.00017001198,0.0003683079848997295,COGS_Ratio,0.11950776417851927,nhu cầu lịch sử và tính mùa vụ
daily_promo_line_count_lag365,20817666637824.0,12.0,394.4000244140625,3623.1287,4585.83017578125,Revenue_Residual,0.11947598932172368,nhu cầu lịch sử và tính mùa vụ
wt_bounce_rate_lag30,9281971683328.0,27.0,428.4666748046875,4088.586,6520.31728515625,Revenue_Residual,0.11917972416749645,nhu cầu lịch sử và tính mùa vụ
payment_method_cancellation_risk_lag365,0.0011484194546937943,59.0,549.976318359375,0.00013455948,0.00026089256862178446,COGS_Ratio,0.11917777070712612,nhu cầu lịch sử và tính mùa vụ
category_encoded_lag30,0.0013993940083310008,71.0,436.263427734375,0.00014443202,0.0003116055682767183,COGS_Ratio,0.11894673852390765,nhu cầu lịch sử và tính mùa vụ
customer_repurchase_cadence_index_lag365,0.003873014822602272,69.0,421.2724914550781,0.00038198638,0.0005816938588395715,COGS_Ratio,0.11761920666805566,nhu cầu lịch sử và tính mùa vụ
regional_revenue_concentration_index_lag7,0.0010106038535013795,70.0,432.37994384765625,0.00011174998,0.0002540920919273049,COGS_Ratio,0.11715821000398208,nhu cầu lịch sử và tính mùa vụ
daily_stockout_rate_roll30,0.0012747952714562416,68.0,445.433837890625,0.000126985,0.0002775267174001783,COGS_Ratio,0.1167813949187633,nhu cầu lịch sử và tính mùa vụ
daily_return_risk_index_lag30,11824938352640.0,19.0,472.4315490722656,3742.1138,4248.900390625,Revenue_Residual,0.11654407728538314,nhu cầu lịch sử và tính mùa vụ
day_of_week,0.0007355866255238652,39.0,705.2077026367188,0.000192985,0.00027091247029602527,COGS_Ratio,0.11646811023139805,"hiệu ứng lịch, mùa vụ ngắn hạn và ngày đặc biệt"
daily_avg_fill_rate_lag365,0.008973508141934872,58.0,511.7758483886719,0.00026467882,0.0003384899173397571,COGS_Ratio,0.11616655417632245,nhu cầu lịch sử và tính mùa vụ
daily_total_item_revenue_lag365,0.0034390774089843035,42.0,668.2428588867188,0.00016602903,0.0003014749207068235,COGS_Ratio,0.11586191274739108,nhu cầu lịch sử và tính mùa vụ
aov_lag365,0.008223006501793861,60.0,476.9732971191406,0.00029471685,0.0006339414860121906,COGS_Ratio,0.11530015411648312,nhu cầu lịch sử và tính mùa vụ
legacy_aov_roll30,0.004327560309320688,51.0,564.564697265625,0.00030378537,0.0005428636795841157,COGS_Ratio,0.11500451834668013,nhu cầu lịch sử và tính mùa vụ
upt_lag7,0.0009444311144761741,76.0,357.2012939453125,0.00010316218,0.0002367286040680483,COGS_Ratio,0.11483834960738004,nhu cầu lịch sử và tính mùa vụ
daily_cod_order_ratio_lag7,0.0009646203834563494,63.0,472.10638427734375,0.00012696585,0.00025895270518958566,COGS_Ratio,0.11462923369499722,nhu cầu lịch sử và tính mùa vụ
daily_cod_order_ratio_lag365,0.0009143418865278363,68.0,418.2015075683594,0.00017239343,0.00029130850452929735,COGS_Ratio,0.114011074672872,nhu cầu lịch sử và tính mùa vụ
category_reason_weighted_return_risk_roll7,0.0021875384263694286,54.0,533.5073852539062,0.00031134873,0.00041764890775084493,COGS_Ratio,0.11388257427523647,nhu cầu lịch sử và tính mùa vụ
wt_page_views_roll7,12268444057600.0,16.0,409.8999938964844,5243.564,8266.2947265625,Revenue_Residual,0.1129788011871801,nhu cầu lịch sử và tính mùa vụ
regional_revenue_concentration_index_lag30,0.0011007890570908785,73.0,368.108154296875,9.9174606e-05,0.00018416954553686083,COGS_Ratio,0.11290683058155962,nhu cầu lịch sử và tính mùa vụ
daily_expected_margin_mix_lag365,0.0009960896568372846,72.0,373.87921142578125,9.801929e-05,0.00022095447347965093,COGS_Ratio,0.11263846185043183,nhu cầu lịch sử và tính mùa vụ
daily_gross_revenue_before_discount_lag365,0.02189173549413681,41.0,600.2415161132812,0.00022259356,0.00027708721463568506,COGS_Ratio,0.1107804597702268,nhu cầu lịch sử và tính mùa vụ
category_encoded_lag365,0.0016388247022405267,48.0,559.4248657226562,0.00028258606,0.00044270236394368113,COGS_Ratio,0.1106388497887627,nhu cầu lịch sử và tính mùa vụ
aov_lag30,0.0016322178998962045,74.0,329.6391906738281,0.00017300581,0.00034320722916163503,COGS_Ratio,0.11063128783914547,nhu cầu lịch sử và tính mùa vụ
customer_repurchase_cadence_index_lag365,9913145229312.0,22.0,298.9727478027344,8240.37,11399.29296875,Revenue_Residual,0.11045077306894377,nhu cầu lịch sử và tính mùa vụ
category_reason_weighted_return_risk_lag7,0.002450668951496482,68.0,384.86322021484375,0.00014972873,0.00024003511935006828,COGS_Ratio,0.1104073761665132,nhu cầu lịch sử và tính mùa vụ
daily_stockout_rate_roll7,0.001213611802086234,67.0,395.1671447753906,0.00012723751,0.00023701622267253698,COGS_Ratio,0.11022448462671552,nhu cầu lịch sử và tính mùa vụ
financing_intensity_index_lag30,5580056428544.0,19.0,509.0420837402344,3967.4048,7313.17421875,Revenue_Residual,0.10986912262049434,nhu cầu lịch sử và tính mùa vụ
daily_cod_order_ratio_roll7,6990498103296.0,26.0,386.3384094238281,5092.3145,7091.19287109375,Revenue_Residual,0.10976157296590501,nhu cầu lịch sử và tính mùa vụ
new_customer_aov_lag7,0.0005399345536716282,48.0,562.5604248046875,7.775487e-05,0.0001408249547239393,COGS_Ratio,0.10898308811516613,nhu cầu lịch sử và tính mùa vụ
wt_page_views_lag30,0.002230202779173851,77.0,284.60003662109375,0.00016729918,0.0003617922600824386,COGS_Ratio,0.1088510611328084,nhu cầu lịch sử và tính mùa vụ
legacy_aov_lag7,0.0010008601238951087,66.0,390.2893981933594,0.00013175658,0.00024223796499427407,COGS_Ratio,0.10871156651201112,nhu cầu lịch sử và tính mùa vụ
payment_method_cancellation_risk_roll7,0.0008121799328364432,59.0,456.2847900390625,0.000115825496,0.0001971115794731304,COGS_Ratio,0.10871114674801619,nhu cầu lịch sử và tính mùa vụ
aov_roll30,0.002526473021134734,26.0,752.1075439453125,0.00014038233,0.00020139928383287043,COGS_Ratio,0.10859222285107502,nhu cầu lịch sử và tính mùa vụ
aov_roll30,10297391710208.0,12.0,441.2666931152344,5832.278,9011.1759765625,Revenue_Residual,0.1083258231345445,nhu cầu lịch sử và tính mùa vụ
upt_roll7,8542774886400.0,19.0,366.3841857910156,7720.183,9549.0337890625,Revenue_Residual,0.10822837025423653,nhu cầu lịch sử và tính mùa vụ
upt_lag365,0.0014796509640291333,57.0,458.06134033203125,0.00020594122,0.00037572371074929834,COGS_Ratio,0.10798477791689942,nhu cầu lịch sử và tính mùa vụ
wt_sessions_lag7,0.0012259222567081451,45.0,567.6644287109375,0.00019601756,0.00028338544652797284,COGS_Ratio,0.10764031883736187,nhu cầu lịch sử và tính mùa vụ
size_mix_return_pressure_lag7,0.0011490203905850649,51.0,508.3940734863281,0.00021001021,0.0002231414371635765,COGS_Ratio,0.10699990746240515,nhu cầu lịch sử và tính mùa vụ
regional_revenue_concentration_index_lag365,11121823055872.0,28.0,266.6893005371094,4247.1934,6812.31533203125,Revenue_Residual,0.1068562038417763,nhu cầu lịch sử và tính mùa vụ
size_mix_return_pressure_lag30,11659139612672.0,27.0,349.7703552246094,2019.1661,800.3044189453125,Revenue_Residual,0.10654203436092258,nhu cầu lịch sử và tính mùa vụ
daily_return_risk_index_roll7,9866889396224.0,28.0,251.9893035888672,4644.243,10139.4056640625,Revenue_Residual,0.1064576236476881,nhu cầu lịch sử và tính mùa vụ
daily_order_line_count_lag365,0.11259990185499191,34.0,480.1499938964844,0.00023790597,0.00023731245892122388,COGS_Ratio,0.10605037952463858,nhu cầu lịch sử và tính mùa vụ
daily_total_cogs_lag30,0.0017726696096360683,42.0,578.5618286132812,0.00017734684,0.00028750253841280937,COGS_Ratio,0.1058888040811992,nhu cầu lịch sử và tính mùa vụ
legacy_revenue_share_lag30,14369946599424.0,14.0,430.0285949707031,2758.9673,441.3835205078125,Revenue_Residual,0.10544586435390897,nhu cầu lịch sử và tính mùa vụ
legacy_aov_roll7,11976397815808.0,23.0,290.24786376953125,3973.4233,7505.1755859375,Revenue_Residual,0.10528025996536358,nhu cầu lịch sử và tính mùa vụ
wt_bounce_rate_roll7,9315498852352.0,33.0,271.9636535644531,3041.9656,3975.435400390625,Revenue_Residual,0.10507364033744482,nhu cầu lịch sử và tính mùa vụ
wt_bounce_rate_lag365,0.0009579858742654324,61.0,406.4819641113281,7.028331e-05,0.00015987473598215728,COGS_Ratio,0.10501167757004862,nhu cầu lịch sử và tính mùa vụ
daily_avg_fill_rate_lag30,6148366270464.0,21.0,433.047607421875,3651.576,7062.0966796875,Revenue_Residual,0.10444182218455626,nhu cầu lịch sử và tính mùa vụ
high_intent_traffic_share_roll30,17259122655232.0,19.0,267.8631591796875,2661.2744,4368.27822265625,Revenue_Residual,0.10442567000396688,nhu cầu lịch sử và tính mùa vụ
customer_repurchase_cadence_index_lag7,0.0009384453296661377,50.0,496.2920227050781,0.00017951819,0.00014819590433035046,COGS_Ratio,0.10430718978248237,nhu cầu lịch sử và tính mùa vụ
daily_discount_amount_roll30,0.004125221166759729,55.0,444.1236572265625,0.000102796934,0.00012041459704050794,COGS_Ratio,0.10371556197352942,nhu cầu lịch sử và tính mùa vụ
financing_intensity_index_roll7,10419251970048.0,38.0,153.36842346191406,3591.7717,5317.97109375,Revenue_Residual,0.10296841399004908,nhu cầu lịch sử và tính mùa vụ
wt_avg_session_dur_lag7,0.000734566303435713,66.0,331.5272521972656,6.16206e-05,0.00013211572368163616,COGS_Ratio,0.10167155683317383,nhu cầu lịch sử và tính mùa vụ
legacy_aov_lag30,0.0011066473089158535,64.0,336.48907470703125,0.00011352509,0.00022372603125404568,COGS_Ratio,0.10080620065068094,nhu cầu lịch sử và tính mùa vụ
city_encoded_lag7,0.001170267816632986,46.0,497.5282897949219,9.756571e-05,0.0001443641842342913,COGS_Ratio,0.1001808434459917,nhu cầu lịch sử và tính mùa vụ
city_encoded_lag30,0.0015765574062243104,60.0,366.9300537109375,8.783351e-05,6.309807358775287e-05,COGS_Ratio,0.09962417789143045,nhu cầu lịch sử và tính mùa vụ
new_customer_aov_lag365,0.001241948688402772,47.0,478.8829650878906,0.00010887846,0.00021931894589215516,COGS_Ratio,0.09944445252644307,nhu cầu lịch sử và tính mùa vụ
city_encoded_roll7,7174635388928.0,11.0,560.7454833984375,1512.1141,1822.5265625,Revenue_Residual,0.09940766532946313,nhu cầu lịch sử và tính mùa vụ
payment_method_cancellation_risk_roll7,9793148289024.0,22.0,253.5090789794922,6495.68,7686.4765625,Revenue_Residual,0.09845339958832496,nhu cầu lịch sử và tính mùa vụ
daily_order_count_lag30,0.0033481738064438105,29.0,627.93798828125,0.00014962928,0.00019004121713805944,COGS_Ratio,0.09826208755222948,nhu cầu lịch sử và tính mùa vụ
size_mix_return_pressure_lag30,0.0010262199211865664,51.0,427.4980163574219,0.00011738887,0.0001399347820552066,COGS_Ratio,0.0975798955293229,nhu cầu lịch sử và tính mùa vụ
wt_sessions_lag30,18388262846464.0,15.0,147.260009765625,6345.224,8294.9265625,Revenue_Residual,0.09749120064909772,nhu cầu lịch sử và tính mùa vụ
daily_gross_revenue_before_discount_lag30,0.0009138378081843257,38.0,542.963134765625,9.924614e-05,0.00016769524372648448,COGS_Ratio,0.09724934349105309,nhu cầu lịch sử và tính mùa vụ
covid_intensity_roll30,0.004226716235280037,7.0,817.2000732421875,0.00012896238,0.00020970212935935705,COGS_Ratio,0.09717472585562904,nhu cầu lịch sử và tính mùa vụ
new_customer_aov_roll30,0.0050675636157393456,32.0,578.9188232421875,0.00023432115,0.0003672280698083341,COGS_Ratio,0.09711808567926378,nhu cầu lịch sử và tính mùa vụ
legacy_revenue_share_roll7,8434851250176.0,10.0,541.8800048828125,1589.334,0.0,Revenue_Residual,0.09697754598463075,nhu cầu lịch sử và tính mùa vụ
new_customer_aov_roll7,0.002486568409949541,37.0,529.9404907226562,0.00017551323,0.0003025709185749292,COGS_Ratio,0.09586422037292766,nhu cầu lịch sử và tính mùa vụ
payment_method_cancellation_risk_roll30,0.0014414220349863172,52.0,396.0135192871094,0.00013514861,0.0002829668577760458,COGS_Ratio,0.09575324050008578,nhu cầu lịch sử và tính mùa vụ
legacy_revenue_share_roll7,0.0024399582762271166,19.0,702.6211547851562,7.9331556e-05,8.444361010333523e-05,COGS_Ratio,0.09570579738328275,nhu cầu lịch sử và tính mùa vụ
wt_page_views_roll7,0.002410136628895998,36.0,535.3361206054688,0.00014808551,0.00028411581297405064,COGS_Ratio,0.09527601708852587,nhu cầu lịch sử và tính mùa vụ
wt_unique_visitors_lag365,12743056818176.0,14.0,304.6714172363281,3305.4297,6604.3701171875,Revenue_Residual,0.09485914184603146,nhu cầu lịch sử và tính mùa vụ
daily_mobile_order_ratio_lag30,8729335955456.0,25.0,271.3399963378906,3505.0576,4987.8052734375,Revenue_Residual,0.09480530122874156,nhu cầu lịch sử và tính mùa vụ
daily_mobile_order_ratio_roll7,7068822536192.0,21.0,322.8523864746094,3428.07,7849.14697265625,Revenue_Residual,0.09454490773378829,nhu cầu lịch sử và tính mùa vụ
category_reason_weighted_return_risk_lag30,12330624614400.0,27.0,185.0037078857422,3649.3467,3482.45048828125,Revenue_Residual,0.09453123434221883,nhu cầu lịch sử và tính mùa vụ
avg_delivery_days_lag365,0.0009030248620547354,54.0,370.5517883300781,0.000108553926,0.00017538528481964022,COGS_Ratio,0.09443077681388702,nhu cầu lịch sử và tính mùa vụ
high_intent_traffic_share_lag365,0.001337095513008535,39.0,501.4615783691406,0.00016268685,0.00020695750718005,COGS_Ratio,0.09420863669145384,nhu cầu lịch sử và tính mùa vụ
daily_gross_revenue_before_discount_roll30,16350784258048.0,9.0,337.5333251953125,2236.3254,2291.376513671875,Revenue_Residual,0.0941512464897373,nhu cầu lịch sử và tính mùa vụ
daily_total_quantity_roll30,21072655155200.0,11.0,135.69091796875,4585.652,7759.9,Revenue_Residual,0.09403889617586787,nhu cầu lịch sử và tính mùa vụ
wt_avg_session_dur_roll30,0.0010391342220827937,53.0,375.32269287109375,9.794734e-05,0.00018468353955540805,COGS_Ratio,0.09396862918736952,nhu cầu lịch sử và tính mùa vụ
daily_gross_revenue_before_discount_roll30,0.0016827859217301011,30.0,578.4334106445312,0.00018215946,0.00021549557277467102,COGS_Ratio,0.09383192525983705,nhu cầu lịch sử và tính mùa vụ
daily_order_count_roll30,15820934610944.0,14.0,203.26429748535156,4783.996,7255.9427734375,Revenue_Residual,0.09324451584725156,nhu cầu lịch sử và tính mùa vụ
regional_revenue_concentration_index_lag7,7178895753216.0,22.0,321.7500305175781,3111.498,5571.5904296875,Revenue_Residual,0.09306234311660684,nhu cầu lịch sử và tính mùa vụ
daily_promo_order_count_lag7,0.003135500242933631,31.0,548.9902954101562,0.00025373133,0.00035100852837786076,COGS_Ratio,0.09260366349597025,nhu cầu lịch sử và tính mùa vụ
daily_mobile_order_ratio_roll30,9077770944512.0,29.0,155.9379425048828,4793.86,7638.59765625,Revenue_Residual,0.09245965291548114,nhu cầu lịch sử và tính mùa vụ
daily_promo_order_count_lag365,0.022207029163837433,54.0,294.2592468261719,0.00033897022,0.0005864648264832795,COGS_Ratio,0.09201440298071106,nhu cầu lịch sử và tính mùa vụ
wt_page_views_roll30,8188736831488.0,8.0,471.29998779296875,2174.3948,4895.9521484375,Revenue_Residual,0.09187678287581609,nhu cầu lịch sử và tính mùa vụ
daily_discount_depth_roll30,13675839619072.0,12.0,296.7416687011719,2251.2712,5228.21611328125,Revenue_Residual,0.09047754299866848,nhu cầu lịch sử và tính mùa vụ
legacy_revenue_share_lag365,10258131976192.0,12.0,365.0833740234375,3026.178,4336.24794921875,Revenue_Residual,0.09045468521261006,nhu cầu lịch sử và tính mùa vụ
high_intent_traffic_share_lag7,0.0008183605968952179,48.0,392.4895935058594,4.7241192e-05,0.00012194605078548193,COGS_Ratio,0.0904512073477848,nhu cầu lịch sử và tính mùa vụ
aov_lag7,0.002613157033920288,21.0,632.4332885742188,7.967092e-05,0.00013729777128901333,COGS_Ratio,0.0902825374061336,nhu cầu lịch sử và tính mùa vụ
legacy_order_ratio_roll7,13017965133824.0,18.0,242.21112060546875,4146.3643,2167.121337890625,Revenue_Residual,0.09000683056954256,nhu cầu lịch sử và tính mùa vụ
wt_unique_visitors_lag30,10598623477760.0,13.0,309.79229736328125,3513.8286,6954.845703125,Revenue_Residual,0.0898104769115697,nhu cầu lịch sử và tính mùa vụ
daily_order_count_lag365,0.0028943936340510845,36.0,479.77777099609375,0.00015386696,0.00019305334717500955,COGS_Ratio,0.08908856931994061,nhu cầu lịch sử và tính mùa vụ
daily_total_item_revenue_roll30,0.0012896718690171838,35.0,497.9086608886719,6.092408e-05,9.058612195076421e-05,COGS_Ratio,0.08908138223058279,nhu cầu lịch sử và tính mùa vụ
size_mix_return_pressure_roll30,0.0019958065822720528,48.0,370.6041564941406,0.00012607308,0.0002359042235184461,COGS_Ratio,0.08897193619459827,nhu cầu lịch sử và tính mùa vụ
customer_repurchase_cadence_index_roll7,0.0022198399528861046,53.0,320.8019104003906,0.000111523994,0.00018152360862586648,COGS_Ratio,0.08831846589818608,nhu cầu lịch sử và tính mùa vụ
wt_avg_session_dur_lag365,10480552771584.0,26.0,205.173095703125,1805.1062,3217.65947265625,Revenue_Residual,0.08830657647766899,nhu cầu lịch sử và tính mùa vụ
city_encoded_lag365,11253052342272.0,20.0,249.89498901367188,3142.3167,2267.493798828125,Revenue_Residual,0.08811689404349819,nhu cầu lịch sử và tính mùa vụ
daily_total_item_revenue_lag7,0.0008156616822816432,47.0,378.4999694824219,5.236439e-05,9.381802956340835e-05,COGS_Ratio,0.08788627975638372,nhu cầu lịch sử và tính mùa vụ
daily_discount_amount_lag30,10929031872512.0,13.0,304.29998779296875,3350.7512,5210.38388671875,Revenue_Residual,0.0878144994112536,nhu cầu lịch sử và tính mùa vụ
wt_sessions_lag30,0.001887079211883247,58.0,268.4689636230469,7.3482246e-05,0.00017694580601528286,COGS_Ratio,0.08735478755684249,nhu cầu lịch sử và tính mùa vụ
daily_total_item_revenue_roll30,11393800601600.0,22.0,201.99998474121094,2349.6829,4642.2986328125,Revenue_Residual,0.0870979711340516,nhu cầu lịch sử và tính mùa vụ
daily_stockout_rate_lag7,9293306789888.0,21.0,222.50953674316406,3796.439,6144.56103515625,Revenue_Residual,0.08692046957865797,nhu cầu lịch sử và tính mùa vụ
daily_promo_order_count_roll30,0.021571030840277672,38.0,409.0026550292969,0.0002376247,0.00015776418731547893,COGS_Ratio,0.0867810662181821,nhu cầu lịch sử và tính mùa vụ
wt_bounce_rate_roll30,8768733052928.0,30.0,154.0500030517578,2738.7185,4397.92744140625,Revenue_Residual,0.08639866411377772,nhu cầu lịch sử và tính mùa vụ
new_customer_aov_lag7,9947908669440.0,26.0,143.68460083007812,4203.948,5730.01630859375,Revenue_Residual,0.08618970270234412,nhu cầu lịch sử và tính mùa vụ
daily_avg_fill_rate_roll7,8671232262144.0,17.0,284.49407958984375,3097.9817,5880.81484375,Revenue_Residual,0.08597550497150859,nhu cầu lịch sử và tính mùa vụ
daily_cod_order_ratio_lag365,9114570719232.0,31.0,97.8419418334961,4484.6562,3749.095654296875,Revenue_Residual,0.08387303926245528,nhu cầu lịch sử và tính mùa vụ
active_customer_demographic_mix_score_lag30,0.018163563683629036,15.0,574.5800170898438,0.00043857956,0.0005611647968180478,COGS_Ratio,0.08356641415666163,nhu cầu lịch sử và tính mùa vụ
upt_roll7,0.0006154844886623323,34.0,453.17059326171875,6.631283e-05,8.32670135423541e-05,COGS_Ratio,0.08314516916936515,nhu cầu lịch sử và tính mùa vụ
daily_gross_revenue_before_discount_roll7,0.0011765132658183575,34.0,441.4529113769531,9.1216076e-05,0.00016896066081244497,COGS_Ratio,0.0823457679207343,nhu cầu lịch sử và tính mùa vụ
daily_promo_line_count_lag30,11567851634688.0,12.0,275.8249816894531,2623.728,3815.0984375,Revenue_Residual,0.08217039167289844,nhu cầu lịch sử và tính mùa vụ
daily_promo_line_count_lag7,0.042446210980415344,34.0,334.78240966796875,0.00063995057,0.0007775318925268948,COGS_Ratio,0.08195557099470738,nhu cầu lịch sử và tính mùa vụ
daily_total_item_revenue_roll7,0.0014118616236373782,44.0,345.668212890625,0.00010812505,0.00016697231330908835,COGS_Ratio,0.08194494609508944,nhu cầu lịch sử và tính mùa vụ
daily_total_cogs_roll30,10704960618496.0,23.0,140.75218200683594,3123.8284,5139.05703125,Revenue_Residual,0.08146680809590726,nhu cầu lịch sử và tính mùa vụ
wt_page_views_lag30,15197705076736.0,14.0,132.5214385986328,3564.5186,5679.79462890625,Revenue_Residual,0.08026935094433245,nhu cầu lịch sử và tính mùa vụ
daily_mobile_order_ratio_lag7,9590622126080.0,22.0,169.72727966308594,3048.0786,4603.5380859375,Revenue_Residual,0.08016654136074512,nhu cầu lịch sử và tính mùa vụ
category_encoded_roll7,0.003256105352193117,27.0,466.0667419433594,0.00014872088,0.00021012556389905513,COGS_Ratio,0.07883134989243465,nhu cầu lịch sử và tính mùa vụ
category_encoded_roll30,0.008849703706800938,39.0,332.68463134765625,0.00036744817,0.0004031836288049817,COGS_Ratio,0.07869714010318737,nhu cầu lịch sử và tính mùa vụ
active_customer_demographic_mix_score_lag7,0.007227360736578703,12.0,602.2166137695312,5.1515297e-05,5.917195449001156e-05,COGS_Ratio,0.07855827980301083,nhu cầu lịch sử và tính mùa vụ
daily_return_risk_index_lag7,0.0007776867132633924,40.0,348.52752685546875,0.0001011977,0.00018729949078988284,COGS_Ratio,0.07824132557059743,nhu cầu lịch sử và tính mùa vụ
category_encoded_roll7,14922736992256.0,17.0,109.76470947265625,3086.7346,3748.937939453125,Revenue_Residual,0.07821870467571455,nhu cầu lịch sử và tính mùa vụ
category_reason_weighted_return_risk_lag7,9023781863424.0,18.0,251.54446411132812,1786.512,1908.5277099609375,Revenue_Residual,0.07816011039216711,nhu cầu lịch sử và tính mùa vụ
upt_lag7,7037930438656.0,17.0,267.3941345214844,2860.8008,3840.9873046875,Revenue_Residual,0.07765995321609495,nhu cầu lịch sử và tính mùa vụ
wt_avg_session_dur_lag7,6788058972160.0,24.0,181.433349609375,2703.7192,4833.119921875,Revenue_Residual,0.07739799389262528,nhu cầu lịch sử và tính mùa vụ
wt_avg_session_dur_roll7,9301700640768.0,18.0,218.36109924316406,2338.059,3370.119775390625,Revenue_Residual,0.07739601125556195,nhu cầu lịch sử và tính mùa vụ
category_encoded_lag7,0.0010962801752611995,34.0,392.8353271484375,0.00014927387,0.00015413047512993216,COGS_Ratio,0.07727372442396507,nhu cầu lịch sử và tính mùa vụ
daily_total_quantity_lag365,0.010101664811372757,32.0,391.6218566894531,0.00020769158,0.00023045770940370857,COGS_Ratio,0.07716810240444963,nhu cầu lịch sử và tính mùa vụ
daily_cod_order_ratio_roll30,8099560161280.0,29.0,89.70344543457031,3339.868,4518.064697265625,Revenue_Residual,0.07715392379434408,nhu cầu lịch sử và tính mùa vụ
daily_promo_line_count_lag365,0.006326168775558472,47.0,240.85105895996094,0.00036768717,0.0004916407284326852,COGS_Ratio,0.07650339883086493,nhu cầu lịch sử và tính mùa vụ
legacy_revenue_share_lag30,0.0018106740899384022,30.0,418.7399597167969,0.00013435501,0.00015861869032960386,COGS_Ratio,0.07620491353941998,nhu cầu lịch sử và tính mùa vụ
upt_roll30,11533771866112.0,20.0,84.06999206542969,3656.478,7026.56181640625,Revenue_Residual,0.07576610928355414,nhu cầu lịch sử và tính mùa vụ
wt_avg_session_dur_lag30,6711944413184.0,29.0,102.89309692382812,2794.5974,5264.384765625,Revenue_Residual,0.07547645822777269,nhu cầu lịch sử và tính mùa vụ
daily_expected_margin_mix_lag30,9111577034752.0,19.0,151.28948974609375,4053.8547,5586.2837890625,Revenue_Residual,0.07547195801626251,nhu cầu lịch sử và tính mùa vụ
customer_repurchase_cadence_index_roll30,0.005980110261589289,44.0,274.1659240722656,0.00021879308,0.00012629248085431754,COGS_Ratio,0.07531900556362343,nhu cầu lịch sử và tính mùa vụ
legacy_revenue_share_lag365,0.0012671946315094829,36.0,358.75836181640625,8.227874e-05,0.00013084879028610886,COGS_Ratio,0.07523212051904804,nhu cầu lịch sử và tính mùa vụ
category_encoded_roll30,10504823111680.0,20.0,143.88499450683594,2586.6426,3111.222802734375,Revenue_Residual,0.07440890973725868,nhu cầu lịch sử và tính mùa vụ
upt_lag30,6044346482688.0,33.0,82.8484878540039,1840.4015,3781.497021484375,Revenue_Residual,0.07396191418872025,nhu cầu lịch sử và tính mùa vụ
wt_unique_visitors_roll7,0.005443853326141834,36.0,331.6138610839844,0.00015765005,0.0003149660013150424,COGS_Ratio,0.07389233125967401,nhu cầu lịch sử và tính mùa vụ
city_encoded_roll30,0.0019229139434173703,32.0,379.434326171875,9.544719e-05,0.0001434838690329343,COGS_Ratio,0.07373217922737699,nhu cầu lịch sử và tính mùa vụ
daily_total_quantity_lag30,0.0018138694576919079,18.0,507.4166564941406,6.678348e-05,9.71597750321962e-05,COGS_Ratio,0.07349400541209455,nhu cầu lịch sử và tính mùa vụ
daily_total_cogs_roll7,0.0009580018813721836,29.0,405.9172058105469,7.544826e-05,0.0001397022424498573,COGS_Ratio,0.07338212908114874,nhu cầu lịch sử và tính mùa vụ
wt_avg_session_dur_roll30,12513423917056.0,21.0,100.60477447509766,1317.502,2119.061181640625,Revenue_Residual,0.0725818939560545,nhu cầu lịch sử và tính mùa vụ
wt_page_views_roll30,0.0014642452588304877,17.0,504.9647216796875,5.7091012e-05,0.0001246523330337368,COGS_Ratio,0.07223021221926977,nhu cầu lịch sử và tính mùa vụ
legacy_order_ratio_lag7,11289931808768.0,13.0,232.94615173339844,1005.5848,251.2071533203125,Revenue_Residual,0.0717673062098067,nhu cầu lịch sử và tính mùa vụ
daily_order_count_lag7,0.0012024834286421537,20.0,475.09503173828125,4.3518063e-05,8.133374794851988e-05,COGS_Ratio,0.07171900808094218,nhu cầu lịch sử và tính mùa vụ
category_reason_weighted_return_risk_roll7,9322717249536.0,17.0,185.98236083984375,2100.2756,2748.114208984375,Revenue_Residual,0.07140726104535922,nhu cầu lịch sử và tính mùa vụ
aov_lag7,10717046505472.0,10.0,201.60000610351562,3080.2124,5345.47529296875,Revenue_Residual,0.07138724789452407,nhu cầu lịch sử và tính mùa vụ
legacy_order_ratio_lag365,0.001133561716414988,38.0,307.4579162597656,6.172385e-05,4.971528833266348e-05,COGS_Ratio,0.07129182692785757,nhu cầu lịch sử và tính mùa vụ
wt_sessions_lag365,7967041650688.0,10.0,295.6100158691406,1757.0306,2748.578515625,Revenue_Residual,0.07101391966531077,nhu cầu lịch sử và tính mùa vụ
daily_avg_fill_rate_lag7,5857208172544.0,18.0,198.22222900390625,3442.385,4895.21806640625,Revenue_Residual,0.07031679057021782,nhu cầu lịch sử và tính mùa vụ
avg_delivery_days_lag7,5325372522496.0,26.0,150.36538696289062,1835.46,3330.185400390625,Revenue_Residual,0.07022668164362039,nhu cầu lịch sử và tính mùa vụ
wt_page_views_lag7,6916147249152.0,19.0,171.25790405273438,2496.9604,4197.931201171875,Revenue_Residual,0.06892471658763485,nhu cầu lịch sử và tính mùa vụ
legacy_revenue_share_lag7,0.002496397588402033,24.0,409.9666442871094,4.7907e-05,7.852843555156142e-05,COGS_Ratio,0.06884398351132962,nhu cầu lịch sử và tính mùa vụ
wt_unique_visitors_lag7,0.0010127958375960588,27.0,376.6554870605469,5.823527e-05,9.76068651652895e-05,COGS_Ratio,0.06805211156649413,nhu cầu lịch sử và tính mùa vụ
month,0.030693428590893745,6.0,514.816650390625,0.00014005387,0.00017308803217019886,COGS_Ratio,0.06786210776092298,"hiệu ứng lịch, mùa vụ ngắn hạn và ngày đặc biệt"
daily_return_risk_index_lag365,0.0009600585908629,28.0,362.81072998046875,4.089848e-05,0.00010249852348351852,COGS_Ratio,0.06747351201457234,nhu cầu lịch sử và tính mùa vụ
wt_unique_visitors_lag30,0.0017573212971910834,37.0,274.81085205078125,7.6026554e-05,0.00017358901677653194,COGS_Ratio,0.06732937724648633,nhu cầu lịch sử và tính mùa vụ
daily_total_cogs_lag365,0.0023666038177907467,27.0,366.5592956542969,7.853967e-05,0.00010820950556080788,COGS_Ratio,0.06730634935358758,nhu cầu lịch sử và tính mùa vụ
new_customer_aov_lag30,5629432299520.0,13.0,272.32305908203125,2147.0098,2530.504736328125,Revenue_Residual,0.0672064563819355,nhu cầu lịch sử và tính mùa vụ
wt_bounce_rate_lag7,7166597005312.0,21.0,130.46665954589844,2485.1555,3909.148876953125,Revenue_Residual,0.06716666903023878,nhu cầu lịch sử và tính mùa vụ
daily_gross_revenue_before_discount_lag7,0.000871162919793278,26.0,376.73077392578125,3.8247756e-05,8.22394446004182e-05,COGS_Ratio,0.06691874528670996,nhu cầu lịch sử và tính mùa vụ
city_encoded_lag7,10456627412992.0,12.0,197.0916748046875,1477.6014,1910.00009765625,Revenue_Residual,0.06689248712666264,nhu cầu lịch sử và tính mùa vụ
daily_expected_margin_mix_lag365,9509167693824.0,20.0,107.15999603271484,2613.2324,1608.849853515625,Revenue_Residual,0.06629640268727245,nhu cầu lịch sử và tính mùa vụ
legacy_aov_roll30,7795392380928.0,3.0,367.6333312988281,707.0983,1034.8606323242188,Revenue_Residual,0.06620684528221935,nhu cầu lịch sử và tính mùa vụ
financing_intensity_index_lag365,7283374292992.0,16.0,158.8249969482422,3147.6658,4961.48359375,Revenue_Residual,0.0661414550674351,nhu cầu lịch sử và tính mùa vụ
legacy_order_ratio_lag30,0.0008806932019069791,34.0,293.9853210449219,7.3128e-05,8.47820527269505e-05,COGS_Ratio,0.06600967867573054,nhu cầu lịch sử và tính mùa vụ
wt_sessions_lag365,0.001036898116581142,22.0,402.8999938964844,4.9193284e-05,9.830191993387416e-05,COGS_Ratio,0.06593199394236668,nhu cầu lịch sử và tính mùa vụ
city_encoded_roll7,0.001527078216895461,28.0,339.4250183105469,0.00010505719,0.00016292368818540126,COGS_Ratio,0.06549997834346954,nhu cầu lịch sử và tính mùa vụ
daily_order_count_roll30,0.0026877052150666714,22.0,398.8954162597656,2.8969956e-05,2.466375044605229e-05,COGS_Ratio,0.06545973880811552,nhu cầu lịch sử và tính mùa vụ
daily_avg_fill_rate_lag365,7533226360832.0,25.0,91.99600219726562,1349.5148,2019.915283203125,Revenue_Residual,0.06525254086179072,nhu cầu lịch sử và tính mùa vụ
daily_return_risk_index_roll7,0.004622798413038254,20.0,409.01995849609375,4.6263478e-05,9.445172909181566e-05,COGS_Ratio,0.06520028607638798,nhu cầu lịch sử và tính mùa vụ
legacy_order_ratio_roll30,0.013630371540784836,19.0,400.34210205078125,8.837378e-05,8.080556435743346e-05,COGS_Ratio,0.0649223773342612,nhu cầu lịch sử và tính mùa vụ
daily_total_cogs_roll30,0.03281340003013611,14.0,400.2500305175781,0.00033015976,0.00029962406842969357,COGS_Ratio,0.06490982735810602,nhu cầu lịch sử và tính mùa vụ
high_intent_traffic_share_roll7,9144686870528.0,12.0,207.1500244140625,1564.6251,1678.121533203125,Revenue_Residual,0.06485974634622207,nhu cầu lịch sử và tính mùa vụ
daily_promo_order_count_lag7,8876031213568.0,3.0,322.8333435058594,1186.0769,1506.0973388671875,Revenue_Residual,0.06479816525130662,nhu cầu lịch sử và tính mùa vụ
daily_total_quantity_lag7,0.0004478201153688133,21.0,401.61431884765625,4.24245e-05,7.999160297913476e-05,COGS_Ratio,0.06462301246082994,nhu cầu lịch sử và tính mùa vụ
wt_unique_visitors_roll30,0.0030362436082214117,14.0,447.3499450683594,7.8348836e-05,0.00013883688661735504,COGS_Ratio,0.06344220479353359,nhu cầu lịch sử và tính mùa vụ
legacy_order_ratio_lag7,0.0011335888411849737,31.0,295.954833984375,6.613883e-05,0.00012390424963086842,COGS_Ratio,0.0634024489282923,nhu cầu lịch sử và tính mùa vụ
daily_promo_order_count_roll30,7269618548736.0,11.0,242.55455017089844,1308.0254,2126.6429931640623,Revenue_Residual,0.0633437752321683,nhu cầu lịch sử và tính mùa vụ
regional_revenue_concentration_index_lag30,5943055089664.0,20.0,128.63499450683594,2100.0837,3724.8693359375,Revenue_Residual,0.06204109659566698,nhu cầu lịch sử và tính mùa vụ
daily_total_cogs_lag7,0.001259368727914989,27.0,319.0740661621094,4.6985566e-05,8.349943964276463e-05,COGS_Ratio,0.061775207695523346,nhu cầu lịch sử và tính mùa vụ
upt_roll30,0.001753742340952158,19.0,386.2789306640625,6.125343e-05,0.00011638882861007006,COGS_Ratio,0.06140681338957802,nhu cầu lịch sử và tính mùa vụ
wt_page_views_lag365,8102638780416.0,14.0,150.80001831054688,2220.6072,3287.07080078125,Revenue_Residual,0.06133900871280549,nhu cầu lịch sử và tính mùa vụ
daily_discount_amount_roll30,11954267619328.0,13.0,104.60770416259766,1392.6451,1910.43447265625,Revenue_Residual,0.06102096599236588,nhu cầu lịch sử và tính mùa vụ
legacy_aov_lag7,10123535712256.0,6.0,195.3666534423828,2534.8884,3324.61689453125,Revenue_Residual,0.061016812041069714,nhu cầu lịch sử và tính mùa vụ
daily_expected_margin_mix_lag7,7141744181248.0,19.0,132.87368774414062,1099.306,2232.428466796875,Revenue_Residual,0.0609401487994339,nhu cầu lịch sử và tính mùa vụ
daily_promo_order_count_lag30,10871951589376.0,3.0,262.6333312988281,835.9539,401.1930786132813,Revenue_Residual,0.06086340515943441,nhu cầu lịch sử và tính mùa vụ
daily_cod_order_ratio_lag7,5679633399808.0,21.0,109.55238342285156,1903.4803,3200.368408203125,Revenue_Residual,0.059722782275797845,nhu cầu lịch sử và tính mùa vụ
daily_discount_depth_lag365,10365127622656.0,4.0,241.47500610351562,680.0396,1513.9228515625,Revenue_Residual,0.059588883342459695,nhu cầu lịch sử và tính mùa vụ
payment_method_cancellation_risk_lag7,5633704722432.0,22.0,104.57272338867188,1906.6367,2283.11103515625,Revenue_Residual,0.05937401581396577,nhu cầu lịch sử và tính mùa vụ
category_reason_weighted_return_risk_roll30,0.0027953775133937597,20.0,354.010009765625,7.563898e-05,0.00011323154030833394,COGS_Ratio,0.059128175701777606,nhu cầu lịch sử và tính mùa vụ
daily_promo_line_count_roll30,0.014782237820327282,22.0,302.154541015625,0.0002550674,0.00021094266267027706,COGS_Ratio,0.05856520806627763,nhu cầu lịch sử và tính mùa vụ
wt_bounce_rate_lag365,6828768886784.0,14.0,147.05714416503906,1886.897,3249.918115234375,Revenue_Residual,0.05743620178147847,nhu cầu lịch sử và tính mùa vụ
avg_delivery_days_lag30,6700761350144.0,17.0,138.0117645263672,1343.1749,1527.63876953125,Revenue_Residual,0.05742732914924083,nhu cầu lịch sử và tính mùa vụ
promo_penetration_rate_lag30,14142807212032.0,1.0,180.90000915527344,539.64136,927.6469604492188,Revenue_Residual,0.05664500004897664,nhu cầu lịch sử và tính mùa vụ
daily_total_quantity_roll7,0.0009820463601499796,17.0,360.0647277832031,3.9185667e-05,4.0705545688979325e-05,COGS_Ratio,0.056142010312003054,nhu cầu lịch sử và tính mùa vụ
daily_order_line_count_lag7,0.0012420809362083673,19.0,338.60528564453125,4.0008777e-05,4.553379985736683e-05,COGS_Ratio,0.05585414910857014,nhu cầu lịch sử và tính mùa vụ
daily_promo_order_count_lag30,0.003489996073767543,20.0,318.9700012207031,5.714402e-05,9.088808001251891e-05,COGS_Ratio,0.05530753501071116,nhu cầu lịch sử và tính mùa vụ
daily_order_count_roll7,0.001245119608938694,19.0,322.868408203125,4.4868335e-05,6.256124979699961e-05,COGS_Ratio,0.054226812676247974,nhu cầu lịch sử và tính mùa vụ
high_intent_traffic_share_lag30,6170131562496.0,9.0,217.52223205566406,1056.8444,1434.2568603515624,Revenue_Residual,0.054167650486695494,nhu cầu lịch sử và tính mùa vụ
legacy_order_ratio_lag365,5830043762688.0,11.0,203.7363739013672,746.4001,537.225390625,Revenue_Residual,0.05303199462404852,nhu cầu lịch sử và tính mùa vụ
daily_return_risk_index_roll30,0.0019334061071276665,24.0,255.12083435058594,9.6028285e-05,0.00014549438783433287,COGS_Ratio,0.05241828579822159,nhu cầu lịch sử và tính mùa vụ
wt_sessions_roll7,0.002692562062293291,19.0,296.57366943359375,6.0742503e-05,0.0001600157789653167,COGS_Ratio,0.051998502411550206,nhu cầu lịch sử và tính mùa vụ
payment_method_cancellation_risk_roll30,6911717015552.0,14.0,129.37857055664062,922.80914,1104.8398193359376,Revenue_Residual,0.05190151303074477,nhu cầu lịch sử và tính mùa vụ
category_encoded_lag7,7542603251712.0,13.0,107.22307586669922,1451.7637,2242.112548828125,Revenue_Residual,0.05150638902376716,nhu cầu lịch sử và tính mùa vụ
category_reason_weighted_return_risk_lag365,7987873710080.0,17.0,54.317649841308594,1355.553,1992.66103515625,Revenue_Residual,0.05139079129711305,nhu cầu lịch sử và tính mùa vụ
wt_sessions_roll30,0.001411404344253242,18.0,291.4555358886719,4.9350743e-05,7.800528255756945e-05,COGS_Ratio,0.04993995677609067,nhu cầu lịch sử và tính mùa vụ
financing_intensity_index_lag7,5563096760320.0,19.0,68.0999984741211,1009.7001,1893.756103515625,Revenue_Residual,0.049376745896692734,nhu cầu lịch sử và tính mùa vụ
daily_order_line_count_roll30,0.00381130026653409,16.0,298.0124816894531,5.486942e-05,4.30861946369987e-05,COGS_Ratio,0.04899493986274494,nhu cầu lịch sử và tính mùa vụ
high_intent_traffic_share_lag7,9755613462528.0,4.0,162.57501220703125,656.71606,627.5402282714844,Revenue_Residual,0.04816168777719583,nhu cầu lịch sử và tính mùa vụ
high_intent_traffic_share_lag365,7773617651712.0,9.0,131.92222595214844,1149.0709,1283.605078125,Revenue_Residual,0.04808947616838234,nhu cầu lịch sử và tính mùa vụ
covid_intensity_lag7,0.0019207457080483437,6.0,381.38330078125,7.009319e-05,0.00010122728417627513,COGS_Ratio,0.04808737701697472,nhu cầu lịch sử và tính mùa vụ
daily_promo_line_count_lag30,0.00588944973424077,18.0,264.9055480957031,6.288806e-05,9.392045467393473e-05,COGS_Ratio,0.04792699569792305,nhu cầu lịch sử và tính mùa vụ
daily_total_quantity_roll30,0.001030961167998612,12.0,330.6000061035156,1.5636058e-05,1.849449472501874e-05,COGS_Ratio,0.047868927820998865,nhu cầu lịch sử và tính mùa vụ
customer_repurchase_cadence_index_lag30,5033185247232.0,18.0,78.08334350585938,1201.584,1354.9707763671875,Revenue_Residual,0.04764262382800731,nhu cầu lịch sử và tính mùa vụ
wt_unique_visitors_roll7,8879661383680.0,6.0,124.71666717529297,1742.4037,1943.7454345703125,Revenue_Residual,0.04742690466245599,nhu cầu lịch sử và tính mùa vụ
daily_promo_line_count_lag7,9223302807552.0,9.0,100.73332977294922,685.54376,1019.6575561523438,Revenue_Residual,0.04695512110941534,nhu cầu lịch sử và tính mùa vụ
covid_intensity_roll7,0.0037893326953053474,6.0,361.8999938964844,7.437197e-05,0.00011800251813838258,COGS_Ratio,0.04636454632225658,nhu cầu lịch sử và tính mùa vụ
payment_method_cancellation_risk_lag30,7888222814208.0,13.0,71.14616394042969,759.3555,681.752978515625,Revenue_Residual,0.04550564325841236,nhu cầu lịch sử và tính mùa vụ
legacy_revenue_share_lag7,8882692816896.0,9.0,94.10000610351562,866.26117,534.235302734375,Revenue_Residual,0.04513108944390187,nhu cầu lịch sử và tính mùa vụ
market_era_roll30,9496101388288.0,1.0,148.1999969482422,1566.966,2190.45556640625,Revenue_Residual,0.044940250301827835,nhu cầu lịch sử và tính mùa vụ
promo_penetration_rate_lag7,0.018633751198649406,13.0,243.60769653320312,0.00017747386,0.00026640461292117836,COGS_Ratio,0.04385931740037816,nhu cầu lịch sử và tính mùa vụ
daily_cod_order_ratio_lag30,5285939249152.0,16.0,68.58125305175781,899.4131,1044.8034912109374,Revenue_Residual,0.04372974482794687,nhu cầu lịch sử và tính mùa vụ
daily_order_line_count_roll7,0.0015091740060597658,14.0,270.10003662109375,4.6617308e-05,5.085929296910763e-05,COGS_Ratio,0.04360960940503044,nhu cầu lịch sử và tính mùa vụ
promo_penetration_rate_lag30,0.004520040471106768,5.0,343.7599792480469,3.119873e-05,6.500194867840037e-05,COGS_Ratio,0.04319197983668834,nhu cầu lịch sử và tính mùa vụ
legacy_order_ratio_roll7,0.004003608599305153,10.0,292.03997802734375,0.00010438318,0.000175956790917553,COGS_Ratio,0.04309532786298814,nhu cầu lịch sử và tính mùa vụ
wt_sessions_lag7,14150268878848.0,3.0,43.0333366394043,410.9715,197.29854736328124,Revenue_Residual,0.04259067174000397,nhu cầu lịch sử và tính mùa vụ
covid_intensity,9421480525824.0,3.0,114.10000610351562,813.69476,1441.9736083984376,Revenue_Residual,0.04163801101327296,tín hiệu vận hành/tổng hợp khác mà mô hình thấy có liên quan đến doanh thu
customer_repurchase_cadence_index_lag7,6234809827328.0,11.0,73.04545593261719,879.10675,1065.0469360351562,Revenue_Residual,0.03981688471514833,nhu cầu lịch sử và tính mùa vụ
payment_method_cancellation_risk_lag365,5061896830976.0,12.0,76.41666412353516,1250.4365,1185.156591796875,Revenue_Residual,0.03945567843814939,nhu cầu lịch sử và tính mùa vụ
daily_return_risk_index_roll30,8373276246016.0,8.0,49.875,720.8613,801.2798583984375,Revenue_Residual,0.03765869100157888,nhu cầu lịch sử và tính mùa vụ
covid_intensity,0.0034379716962575912,9.0,225.45556640625,7.657457e-05,0.00011664988996926696,COGS_Ratio,0.03451193809391803,tín hiệu vận hành/tổng hợp khác mà mô hình thấy có liên quan đến doanh thu
daily_discount_depth_lag30,7423012634624.0,4.0,73.0,593.6473,1091.2773803710938,Revenue_Residual,0.03292783629721096,nhu cầu lịch sử và tính mùa vụ
wt_unique_visitors_lag7,7068761194496.0,5.0,60.099998474121094,810.1525,455.16526489257814,Revenue_Residual,0.03156710566227336,nhu cầu lịch sử và tính mùa vụ
active_customer_demographic_mix_score_lag365,0.0005510955234058201,7.0,221.2142791748047,5.0001636e-06,4.4607956624531654e-06,COGS_Ratio,0.030945053038571497,nhu cầu lịch sử và tính mùa vụ
legacy_revenue_share_roll30,0.0017312882700935006,5.0,234.33999633789062,8.029467e-06,4.010677366750315e-06,COGS_Ratio,0.030603266561941327,nhu cầu lịch sử và tính mùa vụ
daily_return_risk_index_lag7,3811486990336.0,8.0,49.71249771118164,583.10535,795.3428344726562,Revenue_Residual,0.026830144798892137,nhu cầu lịch sử và tính mùa vụ
promo_penetration_rate_lag7,7630581399552.0,2.0,51.20000457763672,216.51315,0.0,Revenue_Residual,0.02654606346661533,nhu cầu lịch sử và tính mùa vụ
covid_intensity_roll7,0.0,0.0,0.0,0.0,0.0,Revenue_Residual,0.0,nhu cầu lịch sử và tính mùa vụ
year,0.0,0.0,0.0,0.0,0.0,Revenue_Residual,0.0,tín hiệu vận hành/tổng hợp khác mà mô hình thấy có liên quan đến doanh thu
market_era_lag7,0.0,0.0,0.0,0.0,0.0,Revenue_Residual,0.0,nhu cầu lịch sử và tính mùa vụ
market_era_lag365,0.0,0.0,0.0,0.0,0.0,Revenue_Residual,0.0,nhu cầu lịch sử và tính mùa vụ
market_era_roll7,0.0,0.0,0.0,0.0,0.0,Revenue_Residual,0.0,nhu cầu lịch sử và tính mùa vụ
covid_intensity_lag365,0.0,0.0,0.0,0.0,0.0,Revenue_Residual,0.0,nhu cầu lịch sử và tính mùa vụ
covid_intensity_lag7,0.0,0.0,0.0,0.0,0.0,Revenue_Residual,0.0,nhu cầu lịch sử và tính mùa vụ
market_era_roll30,0.0,0.0,0.0,0.0,0.0,COGS_Ratio,0.0,nhu cầu lịch sử và tính mùa vụ
active_customer_demographic_mix_score_roll30,0.0,0.0,0.0,0.0,0.0,COGS_Ratio,0.0,nhu cầu lịch sử và tính mùa vụ
market_era_lag30,0.0,0.0,0.0,0.0,0.0,Revenue_Residual,0.0,nhu cầu lịch sử và tính mùa vụ
market_era_lag30,0.0,0.0,0.0,0.0,0.0,COGS_Ratio,0.0,nhu cầu lịch sử và tính mùa vụ
market_era_lag7,0.0,0.0,0.0,0.0,0.0,COGS_Ratio,0.0,nhu cầu lịch sử và tính mùa vụ
market_era_roll7,0.0,0.0,0.0,0.0,0.0,COGS_Ratio,0.0,nhu cầu lịch sử và tính mùa vụ
market_era_lag365,0.0,0.0,0.0,0.0,0.0,COGS_Ratio,0.0,nhu cầu lịch sử và tính mùa vụ
year,0.0,0.0,0.0,0.0,0.0,COGS_Ratio,0.0,tín hiệu vận hành/tổng hợp khác mà mô hình thấy có liên quan đến doanh thu
